Country,Region,Year,Happiness Rank,Happiness Score,Health,Trust,Family,Economy,Freedom,Generosity
Switzerland,Western Europe,2015,1,7.587000000000001,0.9414299999999999,0.41978000000000004,1.34951,1.3965100000000001,0.66557,0.29678000000000004
Iceland,Western Europe,2015,2,7.561,0.94784,0.14145,1.4022299999999999,1.3023200000000001,0.6287699999999999,0.4363
Denmark,Western Europe,2015,3,7.527,0.87464,0.48357,1.36058,1.32548,0.6493800000000001,0.34139
Norway,Western Europe,2015,4,7.522,0.88521,0.36503,1.33095,1.459,0.66973,0.34699
Canada,North America,2015,5,7.4270000000000005,0.9056299999999999,0.32957,1.32261,1.32629,0.63297,0.45811
Finland,Western Europe,2015,6,7.406000000000001,0.8891100000000001,0.41372,1.31826,1.29025,0.64169,0.23351
Netherlands,Western Europe,2015,7,7.377999999999999,0.89284,0.31814000000000003,1.28017,1.32944,0.6157600000000001,0.4761
Sweden,Western Europe,2015,8,7.364,0.9108700000000001,0.43843999999999994,1.2890700000000002,1.33171,0.6598,0.36262
New Zealand,Australia and New Zealand,2015,9,7.2860000000000005,0.9083700000000001,0.42922,1.3196700000000001,1.2501799999999998,0.6393800000000001,0.47501000000000004
Australia,Australia and New Zealand,2015,10,7.284,0.93156,0.35636999999999996,1.30923,1.33358,0.6512399999999999,0.43562
Israel,Middle East and Northern Africa,2015,11,7.278,0.9138700000000001,0.07785,1.22393,1.2285700000000002,0.41318999999999995,0.33171999999999996
Costa Rica,Latin America and Caribbean,2015,12,7.226,0.8602700000000001,0.10583,1.2378799999999999,0.95578,0.63376,0.25497
Austria,Western Europe,2015,13,7.2,0.8904200000000001,0.18675999999999998,1.29704,1.33723,0.62433,0.33088
Mexico,Latin America and Caribbean,2015,14,7.187,0.8144399999999999,0.21311999999999998,0.91451,1.02054,0.48181,0.14074
United States,North America,2015,15,7.119,0.86179,0.1589,1.24711,1.3945100000000001,0.54604,0.40105
Brazil,Latin America and Caribbean,2015,16,6.983,0.69702,0.17521,1.2328700000000001,0.98124,0.49049,0.14574
Luxembourg,Western Europe,2015,17,6.946000000000001,0.91894,0.37798000000000004,1.21963,1.5639100000000001,0.61583,0.28034000000000003
Ireland,Western Europe,2015,18,6.94,0.89533,0.28703,1.36948,1.33596,0.6177699999999999,0.45901000000000003
Belgium,Western Europe,2015,19,6.937,0.8966700000000001,0.2254,1.28566,1.30782,0.5845,0.2225
United Arab Emirates,Middle East and Northern Africa,2015,20,6.901,0.80925,0.38583,1.12575,1.42727,0.64157,0.26428
United Kingdom,Western Europe,2015,21,6.867000000000001,0.90943,0.32066999999999996,1.28548,1.26637,0.59625,0.51912
Oman,Middle East and Northern Africa,2015,22,6.853,0.76276,0.32524000000000003,1.08182,1.36011,0.63274,0.21541999999999997
Venezuela,Latin America and Caribbean,2015,23,6.81,0.7205199999999999,0.11069000000000001,1.25596,1.04424,0.42908,0.058410000000000004
Singapore,Southeastern Asia,2015,24,6.797999999999999,1.02525,0.4921,1.02,1.52186,0.54252,0.31105
Panama,Latin America and Caribbean,2015,25,6.7860000000000005,0.79661,0.0927,1.1985,1.0635299999999999,0.5421,0.24434
Germany,Western Europe,2015,26,6.75,0.89186,0.21843,1.2993700000000001,1.32792,0.6147699999999999,0.28214
Chile,Latin America and Caribbean,2015,27,6.67,0.85857,0.12869,1.12447,1.10715,0.44132,0.33363000000000004
Qatar,Middle East and Northern Africa,2015,28,6.611000000000001,0.79733,0.52208,1.0786,1.69042,0.6404,0.32573
France,Western Europe,2015,29,6.575,0.9457899999999999,0.20646,1.2603799999999998,1.27778,0.55011,0.12332
Argentina,Latin America and Caribbean,2015,30,6.574,0.78723,0.08484,1.24823,1.05351,0.44974,0.11450999999999999
Czech Republic,Central and Eastern Europe,2015,31,6.505,0.84483,0.02652,1.20643,1.17898,0.46363999999999994,0.10686
Uruguay,Latin America and Caribbean,2015,32,6.485,0.8116,0.24558000000000002,1.2089,1.06166,0.6036199999999999,0.2324
Colombia,Latin America and Caribbean,2015,33,6.477,0.69077,0.0512,1.2401799999999998,0.91861,0.53466,0.18400999999999998
Thailand,Southeastern Asia,2015,34,6.455,0.7385,0.031869999999999996,1.26504,0.9669,0.5566399999999999,0.5763
Saudi Arabia,Middle East and Northern Africa,2015,35,6.4110000000000005,0.72025,0.32524000000000003,1.0839299999999998,1.39541,0.31048000000000003,0.13706
Spain,Western Europe,2015,36,6.329,0.95562,0.06398,1.31379,1.23011,0.45951000000000003,0.18227000000000002
Malta,Western Europe,2015,37,6.3020000000000005,0.88721,0.13585999999999998,1.30203,1.2074,0.60365,0.51752
Taiwan,Eastern Asia,2015,38,6.297999999999999,0.8753,0.08129,1.07617,1.29098,0.3974,0.25376
Kuwait,Middle East and Northern Africa,2015,39,6.295,0.72492,0.25609,1.16594,1.5542200000000002,0.55499,0.16228
Suriname,Latin America and Caribbean,2015,40,6.269,0.6082,0.13633,0.972,0.99534,0.5965699999999999,0.16990999999999998
Trinidad and Tobago,Latin America and Caribbean,2015,41,6.167999999999999,0.61483,0.0114,1.18354,1.21183,0.55884,0.31844
El Salvador,Latin America and Caribbean,2015,42,6.13,0.67737,0.11775999999999999,1.0250700000000001,0.76454,0.4035,0.10692
Guatemala,Latin America and Caribbean,2015,43,6.122999999999999,0.64425,0.09472,1.04356,0.74553,0.57733,0.27489
Uzbekistan,Central and Eastern Europe,2015,44,6.002999999999999,0.59772,0.30826,1.34043,0.63244,0.6582100000000001,0.22837
Slovakia,Central and Eastern Europe,2015,45,5.995,0.7890199999999999,0.03431,1.26999,1.1689100000000001,0.31751,0.16893
Japan,Eastern Asia,2015,46,5.987,0.99111,0.1806,1.25712,1.27074,0.49615,0.10705
South Korea,Eastern Asia,2015,47,5.984,0.9653799999999999,0.07857,0.9577399999999999,1.24461,0.33208000000000004,0.18557
Ecuador,Latin America and Caribbean,2015,48,5.975,0.79075,0.1809,0.99903,0.8640200000000001,0.48573999999999995,0.11540999999999998
Bahrain,Middle East and Northern Africa,2015,49,5.96,0.74716,0.306,1.21624,1.32376,0.45492,0.17362
Italy,Western Europe,2015,50,5.9479999999999995,0.9544600000000001,0.02901,1.19777,1.25114,0.26236,0.22823000000000002
Bolivia,Latin America and Caribbean,2015,51,5.89,0.5392,0.08800000000000001,0.97841,0.68133,0.57414,0.20536
Moldova,Central and Eastern Europe,2015,52,5.888999999999999,0.61826,0.01615,1.01528,0.59448,0.32818,0.20951
Paraguay,Latin America and Caribbean,2015,53,5.877999999999999,0.66098,0.08242000000000001,1.30477,0.75985,0.53899,0.3424
Kazakhstan,Central and Eastern Europe,2015,54,5.855,0.64368,0.08454,1.1224100000000001,1.1225399999999999,0.51649,0.11827
Slovenia,Central and Eastern Europe,2015,55,5.848,0.8733700000000001,0.03787,1.27385,1.18498,0.60855,0.25328
Lithuania,Central and Eastern Europe,2015,56,5.832999999999999,0.73128,0.01031,1.25745,1.14723,0.21341999999999997,0.026410000000000003
Nicaragua,Latin America and Caribbean,2015,57,5.827999999999999,0.7431399999999999,0.19317,1.14184,0.59325,0.55475,0.27815
Peru,Latin America and Caribbean,2015,58,5.824,0.73017,0.05989,0.97459,0.9001899999999999,0.41496000000000005,0.14982
Belarus,Central and Eastern Europe,2015,59,5.813,0.7360800000000001,0.1909,1.23289,1.0319200000000002,0.37938,0.11045999999999999
Poland,Central and Eastern Europe,2015,60,5.791,0.77903,0.04212,1.27948,1.12555,0.53122,0.16759000000000002
Malaysia,Southeastern Asia,2015,61,5.77,0.7239399999999999,0.10500999999999999,1.07023,1.12486,0.5302399999999999,0.33075
Croatia,Central and Eastern Europe,2015,62,5.7589999999999995,0.78805,0.0243,0.79624,1.08254,0.25883,0.054439999999999995
Libya,Middle East and Northern Africa,2015,63,5.754,0.7038,0.11023,1.1186200000000002,1.13145,0.41668,0.18295
Russia,Central and Eastern Europe,2015,64,5.716,0.6692600000000001,0.03005,1.23617,1.13764,0.36679,0.00199
Jamaica,Latin America and Caribbean,2015,65,5.709,0.6874100000000001,0.02299,1.1510200000000002,0.81038,0.50442,0.2123
North Cyprus,Western Europe,2015,66,5.695,0.92356,0.1428,1.07008,1.2080600000000001,0.49027,0.26169000000000003
Cyprus,Western Europe,2015,67,5.689,0.92356,0.06146,0.89318,1.20813,0.40671999999999997,0.30638000000000004
Algeria,Middle East and Northern Africa,2015,68,5.605,0.61766,0.17382999999999998,1.07772,0.93929,0.28579,0.07822
Kosovo,Central and Eastern Europe,2015,69,5.5889999999999995,0.63132,0.04741,0.81198,0.80148,0.24749000000000002,0.2831
Turkmenistan,Central and Eastern Europe,2015,70,5.547999999999999,0.53886,0.30844,1.22668,0.95847,0.4761,0.16979
Mauritius,Sub-Saharan Africa,2015,71,5.477,0.7095,0.07521,0.98521,1.0076100000000001,0.56066,0.37744
Hong Kong,Eastern Asia,2015,72,5.474,1.01328,0.37124,1.05818,1.38604,0.59608,0.39478
Estonia,Central and Eastern Europe,2015,73,5.428999999999999,0.77361,0.15184,1.22791,1.15174,0.44888,0.0868
Indonesia,Southeastern Asia,2015,74,5.399,0.63793,0.0,1.0870799999999998,0.8282700000000001,0.46611,0.51535
Vietnam,Southeastern Asia,2015,75,5.36,0.7467600000000001,0.10440999999999999,0.9122600000000001,0.63216,0.59444,0.1686
Turkey,Middle East and Northern Africa,2015,76,5.332000000000001,0.73172,0.15746,0.94632,1.06098,0.22815,0.12253
Kyrgyzstan,Central and Eastern Europe,2015,77,5.2860000000000005,0.65088,0.042319999999999997,1.15115,0.47428000000000003,0.43477,0.3003
Nigeria,Sub-Saharan Africa,2015,78,5.268,0.16007000000000002,0.0403,0.9043200000000001,0.65435,0.34334000000000003,0.27233
Bhutan,Southern Asia,2015,79,5.252999999999999,0.57407,0.15445,1.10395,0.77042,0.5320600000000001,0.47998
Azerbaijan,Central and Eastern Europe,2015,80,5.212000000000001,0.64045,0.16065,0.9379299999999999,1.02389,0.3703,0.07799
Pakistan,Southern Asia,2015,81,5.194,0.51466,0.10464000000000001,0.41411000000000003,0.59543,0.12102,0.33671
Jordan,Middle East and Northern Africa,2015,82,5.192,0.69639,0.14293,1.05392,0.9019799999999999,0.40660999999999997,0.11052999999999999
Montenegro,Central and Eastern Europe,2015,82,5.192,0.72521,0.14296,0.9055700000000001,0.9743799999999999,0.1826,0.1614
China,Eastern Asia,2015,84,5.14,0.81658,0.02781,0.94675,0.89012,0.5169699999999999,0.08185
Zambia,Sub-Saharan Africa,2015,85,5.129,0.29924,0.12468,0.91612,0.47038,0.48827,0.19591
Romania,Central and Eastern Europe,2015,86,5.124,0.7689,0.006490000000000001,0.8858799999999999,1.04345,0.35068,0.13748
Serbia,Central and Eastern Europe,2015,87,5.122999999999999,0.74836,0.02617,1.0096399999999999,0.92053,0.20107,0.19230999999999998
Portugal,Western Europe,2015,88,5.102,0.8751899999999999,0.01078,1.13935,1.15991,0.51469,0.13719
Latvia,Central and Eastern Europe,2015,89,5.098,0.72437,0.06332,1.09562,1.11312,0.29671,0.18225999999999998
Philippines,Southeastern Asia,2015,90,5.073,0.58114,0.12279000000000001,1.03516,0.70532,0.62545,0.24991
Somaliland region,Sub-Saharan Africa,2015,91,5.0569999999999995,0.43873,0.39928,0.95152,0.18847,0.46581999999999996,0.5031800000000001
Morocco,Middle East and Northern Africa,2015,92,5.013,0.60954,0.08546000000000001,0.64095,0.7347899999999999,0.41691000000000006,0.07172
Macedonia,Central and Eastern Europe,2015,93,5.007,0.73545,0.053270000000000005,1.00232,0.91851,0.33457,0.22359
Mozambique,Sub-Saharan Africa,2015,94,4.971,0.09131,0.15603,1.02626,0.08308,0.34037,0.22269
Albania,Central and Eastern Europe,2015,95,4.959,0.81325,0.06412999999999999,0.8043399999999999,0.8786700000000001,0.35733000000000004,0.14272
Bosnia and Herzegovina,Central and Eastern Europe,2015,96,4.949,0.79081,0.00227,0.9191600000000001,0.8322299999999999,0.09245,0.24808000000000002
Lesotho,Sub-Saharan Africa,2015,97,4.898,0.07612000000000001,0.12504,1.04103,0.37545,0.31767,0.16388
Dominican Republic,Latin America and Caribbean,2015,98,4.885,0.66825,0.14234000000000002,1.17202,0.8953700000000001,0.57672,0.21684
Laos,Southeastern Asia,2015,99,4.876,0.54909,0.24249,0.73803,0.5906600000000001,0.59591,0.42191999999999996
Mongolia,Eastern Asia,2015,100,4.874,0.60268,0.026660000000000003,1.3006,0.82819,0.43626000000000004,0.3323
Swaziland,Sub-Saharan Africa,2015,101,4.867,0.07566,0.0306,1.07284,0.71206,0.30658,0.18259
Greece,Western Europe,2015,102,4.857,0.88213,0.013969999999999998,0.9293299999999999,1.15406,0.07699,0.0
Lebanon,Middle East and Northern Africa,2015,103,4.8389999999999995,0.83947,0.04582,0.80001,1.0256399999999999,0.33916,0.21854
Hungary,Central and Eastern Europe,2015,104,4.8,0.75905,0.02758,1.20215,1.12094,0.32111999999999996,0.128
Honduras,Latin America and Caribbean,2015,105,4.788,0.6951,0.06825,0.9534799999999999,0.59532,0.40148,0.23026999999999997
Tajikistan,Central and Eastern Europe,2015,106,4.7860000000000005,0.5737899999999999,0.15072,0.8556299999999999,0.39047,0.47216,0.22974
Tunisia,Middle East and Northern Africa,2015,107,4.739,0.73793,0.06358,0.60429,0.88113,0.26268,0.06431
Palestinian Territories,Middle East and Northern Africa,2015,108,4.715,0.66015,0.12905,0.92558,0.59867,0.24499,0.11250999999999999
Bangladesh,Southern Asia,2015,109,4.694,0.60164,0.12569,0.43106000000000005,0.39753,0.4082,0.21222
Iran,Middle East and Northern Africa,2015,110,4.686,0.69805,0.058629999999999995,0.54447,1.0088,0.30033000000000004,0.38086
Ukraine,Central and Eastern Europe,2015,111,4.681,0.6739,0.02961,1.20278,0.79907,0.25123,0.15275
Iraq,Middle East and Northern Africa,2015,112,4.677,0.60237,0.13788,0.81889,0.98549,0.0,0.17922000000000002
South Africa,Sub-Saharan Africa,2015,113,4.6419999999999995,0.27688,0.08884,1.18468,0.9204899999999999,0.33207,0.11972999999999999
Ghana,Sub-Saharan Africa,2015,114,4.633,0.40131999999999995,0.04355,0.6795399999999999,0.5455800000000001,0.42341999999999996,0.23087
Zimbabwe,Sub-Saharan Africa,2015,115,4.61,0.33475,0.08079,1.0327600000000001,0.271,0.25861,0.18987
Liberia,Sub-Saharan Africa,2015,116,4.571000000000001,0.34201,0.06232000000000001,0.78968,0.0712,0.28531,0.24361999999999998
India,Southern Asia,2015,117,4.565,0.5152899999999999,0.08492000000000001,0.38174,0.64499,0.39786,0.26475
Sudan,Sub-Saharan Africa,2015,118,4.55,0.36878,0.1466,1.01404,0.52107,0.10081,0.19062
Haiti,Latin America and Caribbean,2015,119,4.518,0.38847,0.17175,0.74302,0.26673,0.24425,0.46187
Congo (Kinshasa),Sub-Saharan Africa,2015,120,4.5169999999999995,0.09806000000000001,0.07625,1.0012,0.0,0.22605,0.24834
Nepal,Southern Asia,2015,121,4.513999999999999,0.5687399999999999,0.059070000000000004,0.86449,0.35996999999999996,0.38282,0.32295999999999997
Ethiopia,Sub-Saharan Africa,2015,122,4.512,0.44055,0.15048,0.60406,0.19072999999999998,0.4345,0.24325
Sierra Leone,Sub-Saharan Africa,2015,123,4.507,0.0,0.08786000000000001,0.9557100000000001,0.33024000000000003,0.4084,0.21488000000000002
Mauritania,Sub-Saharan Africa,2015,124,4.436,0.35874,0.17461,0.86908,0.45407,0.24231999999999998,0.21899999999999997
Kenya,Sub-Saharan Africa,2015,125,4.419,0.41435,0.05839,0.99876,0.36471,0.42215,0.37542
Djibouti,Sub-Saharan Africa,2015,126,4.369,0.36291,0.28105,0.59207,0.44025,0.46074,0.18093
Armenia,Central and Eastern Europe,2015,127,4.35,0.7299,0.039,0.7771100000000001,0.7682100000000001,0.19847,0.07855
Botswana,Sub-Saharan Africa,2015,128,4.332,0.047760000000000004,0.12474,1.10464,0.99355,0.49495,0.10461
Myanmar,Southeastern Asia,2015,129,4.3069999999999995,0.48246000000000006,0.19034,0.70905,0.27108000000000004,0.44017,0.79588
Georgia,Central and Eastern Europe,2015,130,4.297,0.72926,0.38331,0.38561999999999996,0.7419,0.40576999999999996,0.055470000000000005
Malawi,Sub-Saharan Africa,2015,131,4.292,0.22562,0.06977,0.41134,0.016040000000000002,0.43054,0.33128
Sri Lanka,Southern Asia,2015,132,4.271,0.70806,0.09179,1.01905,0.83524,0.5372600000000001,0.40828000000000003
Cameroon,Sub-Saharan Africa,2015,133,4.252,0.23401999999999998,0.05786,0.8876700000000001,0.4225,0.49309,0.20618000000000003
Bulgaria,Central and Eastern Europe,2015,134,4.218,0.76649,0.00872,1.10614,1.01216,0.30587,0.11921
Egypt,Middle East and Northern Africa,2015,135,4.194,0.61712,0.06324,0.747,0.8818,0.17288,0.11291
Yemen,Middle East and Northern Africa,2015,136,4.077,0.40064,0.07854,0.68093,0.5464899999999999,0.35570999999999997,0.09131
Angola,Sub-Saharan Africa,2015,137,4.033,0.16683,0.07122,0.8604,0.75778,0.10384000000000002,0.12344000000000001
Mali,Sub-Saharan Africa,2015,138,3.995,0.20583,0.12352,1.03526,0.26074,0.38856999999999997,0.18798
Congo (Brazzaville),Sub-Saharan Africa,2015,139,3.989,0.31051,0.11685999999999999,0.6629,0.67866,0.41466000000000003,0.12387999999999999
Comoros,Sub-Saharan Africa,2015,140,3.9560000000000004,0.36315,0.19899999999999998,0.79273,0.23906,0.22916999999999998,0.17440999999999998
Uganda,Sub-Saharan Africa,2015,141,3.931,0.33860999999999997,0.07267,1.13299,0.21101999999999999,0.45726999999999995,0.29066
Senegal,Sub-Saharan Africa,2015,142,3.904,0.4354,0.10712999999999999,0.97619,0.36498,0.36772,0.20843000000000003
Gabon,Sub-Saharan Africa,2015,143,3.8960000000000004,0.43372,0.11091,0.90528,1.06024,0.31914000000000003,0.06822
Niger,Sub-Saharan Africa,2015,144,3.845,0.29707,0.15639,0.77265,0.0694,0.47691999999999996,0.19387000000000001
Cambodia,Southeastern Asia,2015,145,3.819,0.61114,0.07247,0.62736,0.46038,0.66246,0.40359
Tanzania,Sub-Saharan Africa,2015,146,3.781,0.38215,0.05747000000000001,1.00268,0.2852,0.32878,0.34376999999999996
Madagascar,Sub-Saharan Africa,2015,147,3.681,0.46721,0.08123999999999999,0.66801,0.20824,0.19184,0.21333000000000002
Central African Republic,Sub-Saharan Africa,2015,148,3.678,0.06699,0.08288999999999999,0.0,0.0785,0.48878999999999995,0.23835
Chad,Sub-Saharan Africa,2015,149,3.667,0.1501,0.05269,0.76062,0.34193,0.23501,0.18386
Guinea,Sub-Saharan Africa,2015,150,3.656,0.24009,0.12139000000000001,0.46475,0.17417,0.37725,0.28657
Ivory Coast,Sub-Saharan Africa,2015,151,3.655,0.15185,0.17922000000000002,0.77115,0.46534,0.46866,0.20165
Burkina Faso,Sub-Saharan Africa,2015,152,3.5869999999999997,0.27125,0.12832000000000002,0.85188,0.25811999999999996,0.39493,0.21746999999999997
Afghanistan,Southern Asia,2015,153,3.575,0.30335,0.09719,0.30285,0.31982,0.23414000000000001,0.3651
Rwanda,Sub-Saharan Africa,2015,154,3.465,0.42863999999999997,0.55191,0.7737,0.22208000000000003,0.59201,0.22628
Benin,Sub-Saharan Africa,2015,155,3.34,0.3191,0.0801,0.35386,0.28665,0.4845,0.1826
Syria,Middle East and Northern Africa,2015,156,3.0060000000000002,0.7219300000000001,0.18905999999999998,0.47489,0.6632,0.15684,0.47179
Burundi,Sub-Saharan Africa,2015,157,2.905,0.22396,0.10062,0.41586999999999996,0.0153,0.1185,0.19727
Togo,Sub-Saharan Africa,2015,158,2.839,0.28443,0.10730999999999999,0.13995,0.20868,0.36453,0.16680999999999999
Denmark,Western Europe,2016,1,7.526,0.79504,0.44453000000000004,1.16374,1.4417799999999998,0.5794100000000001,0.36171
Switzerland,Western Europe,2016,2,7.5089999999999995,0.86303,0.41203,1.14524,1.5273299999999999,0.58557,0.28083
Iceland,Western Europe,2016,3,7.501,0.8673299999999999,0.14975,1.18326,1.42666,0.56624,0.47678000000000004
Norway,Western Europe,2016,4,7.497999999999999,0.79579,0.35775999999999997,1.1269,1.57744,0.59609,0.37895
Finland,Western Europe,2016,5,7.412999999999999,0.81091,0.41003999999999996,1.1346399999999999,1.40598,0.57104,0.25492
Canada,North America,2016,6,7.404,0.8276,0.31329,1.0961,1.44015,0.5737,0.44833999999999996
Netherlands,Western Europe,2016,7,7.3389999999999995,0.8123100000000001,0.29927,1.02912,1.46468,0.55211,0.47416
New Zealand,Australia and New Zealand,2016,8,7.334,0.83096,0.41903999999999997,1.17278,1.36066,0.5814699999999999,0.49401000000000006
Australia,Australia and New Zealand,2016,9,7.313,0.8512,0.32331,1.10476,1.4444299999999999,0.5683699999999999,0.47407
Sweden,Western Europe,2016,10,7.291,0.83121,0.40867,1.08764,1.45181,0.58218,0.38254
Israel,Middle East and Northern Africa,2016,11,7.267,0.8491700000000001,0.08728,0.9953700000000001,1.33766,0.36432,0.32288
Austria,Western Europe,2016,12,7.119,0.80565,0.21348000000000003,1.0838299999999998,1.45038,0.54355,0.32865
United States,North America,2016,13,7.104,0.779,0.14868,1.04782,1.50796,0.48163,0.41076999999999997
Costa Rica,Latin America and Caribbean,2016,14,7.087000000000001,0.76146,0.10547000000000001,1.02152,1.06879,0.55225,0.22553
Puerto Rico,Latin America and Caribbean,2016,15,7.039,0.77758,0.12275,1.08113,1.35943,0.46823000000000004,0.22202
Germany,Western Europe,2016,16,6.994,0.81487,0.28551,1.09774,1.44787,0.53466,0.30451999999999996
Brazil,Latin America and Caribbean,2016,17,6.952000000000001,0.61415,0.14165999999999998,1.03938,1.08754,0.40425,0.15775999999999998
Belgium,Western Europe,2016,18,6.928999999999999,0.8195899999999999,0.26248,1.05249,1.42539,0.51354,0.2424
Ireland,Western Europe,2016,19,6.907,0.81455,0.29754,1.16157,1.4834100000000001,0.54008,0.44963000000000003
Luxembourg,Western Europe,2016,20,6.871,0.8454200000000001,0.35329,1.03999,1.6975200000000001,0.5487,0.27571
Mexico,Latin America and Caribbean,2016,21,6.778,0.71143,0.18355,0.7146,1.1150799999999998,0.37709000000000004,0.11735
Singapore,Southeastern Asia,2016,22,6.739,0.94719,0.46986999999999995,0.8675799999999999,1.64555,0.4877,0.32706
United Kingdom,Western Europe,2016,23,6.725,0.80991,0.27399,1.0867200000000001,1.40283,0.50036,0.50156
Chile,Latin America and Caribbean,2016,24,6.705,0.8188300000000001,0.11450999999999999,0.9058700000000001,1.2167,0.37789,0.31595
Panama,Latin America and Caribbean,2016,25,6.7010000000000005,0.70835,0.08423,0.9891200000000001,1.18306,0.48927,0.2418
Argentina,Latin America and Caribbean,2016,26,6.65,0.69711,0.07296,1.0661200000000002,1.15137,0.42283999999999994,0.10989000000000002
Czech Republic,Central and Eastern Europe,2016,27,6.596,0.76376,0.03986,1.00793,1.30915,0.41418,0.09929
United Arab Emirates,Middle East and Northern Africa,2016,28,6.5729999999999995,0.72993,0.35561,0.8711399999999999,1.57352,0.56215,0.26591
Uruguay,Latin America and Caribbean,2016,29,6.545,0.72183,0.21394000000000002,1.0314299999999998,1.18157,0.54388,0.18056
Malta,Western Europe,2016,30,6.4879999999999995,0.80315,0.17554,1.09879,1.30782,0.54994,0.56237
Colombia,Latin America and Caribbean,2016,31,6.481,0.59659,0.053989999999999996,1.02169,1.0303200000000001,0.44735,0.15625999999999998
France,Western Europe,2016,32,6.478,0.83795,0.17808,1.00508,1.39488,0.46562,0.1216
Thailand,Southeastern Asia,2016,33,6.474,0.64915,0.02833,1.04477,1.0893,0.49553,0.58696
Saudi Arabia,Middle East and Northern Africa,2016,34,6.379,0.59267,0.30008,0.84829,1.48953,0.37904,0.15457
Taiwan,Eastern Asia,2016,34,6.379,0.79565,0.0663,0.92624,1.39729,0.32377,0.25495
Qatar,Middle East and Northern Africa,2016,36,6.375,0.71723,0.48049,0.87964,1.82427,0.56679,0.32388
Spain,Western Europe,2016,37,6.361000000000001,0.8789600000000001,0.06137000000000001,1.12945,1.34253,0.37545,0.17665
Algeria,Middle East and Northern Africa,2016,38,6.355,0.6180399999999999,0.16157,0.83309,1.05266,0.21006,0.07044
Guatemala,Latin America and Caribbean,2016,39,6.324,0.5403899999999999,0.08701,0.8711899999999999,0.83454,0.50379,0.28808
Suriname,Latin America and Caribbean,2016,40,6.269,0.5093300000000001,0.12692,0.77866,1.09686,0.5223399999999999,0.16665
Kuwait,Middle East and Northern Africa,2016,41,6.239,0.63569,0.23669,0.8775799999999999,1.61714,0.43166000000000004,0.15965
Bahrain,Middle East and Northern Africa,2016,42,6.218,0.65696,0.25772,0.9439700000000001,1.44024,0.47375,0.17147
Trinidad and Tobago,Latin America and Caribbean,2016,43,6.167999999999999,0.52608,0.01241,0.98569,1.32572,0.48453,0.31935
Venezuela,Latin America and Caribbean,2016,44,6.084,0.6190399999999999,0.08304,1.03302,1.1336700000000002,0.19847,0.0425
Slovakia,Central and Eastern Europe,2016,45,6.077999999999999,0.70367,0.02947,1.0826799999999999,1.27973,0.23390999999999998,0.13837
El Salvador,Latin America and Caribbean,2016,46,6.068,0.596,0.10613,0.80975,0.8737,0.37269,0.08877
Malaysia,Southeastern Asia,2016,47,6.005,0.62366,0.09081,0.88025,1.25142,0.39031,0.41473999999999994
Nicaragua,Latin America and Caribbean,2016,48,5.992000000000001,0.65213,0.16292,0.8952100000000001,0.69384,0.46581999999999996,0.29773
Uzbekistan,Central and Eastern Europe,2016,49,5.987,0.50163,0.28333,1.1681,0.7359100000000001,0.60848,0.34326
Italy,Western Europe,2016,50,5.977,0.8510200000000001,0.02556,1.04167,1.35495,0.18827,0.16684000000000002
Ecuador,Latin America and Caribbean,2016,51,5.976,0.68613,0.18037,0.85974,0.97306,0.4027,0.10074
Belize,Latin America and Caribbean,2016,52,5.956,0.45569,0.10770999999999999,0.68655,0.87616,0.51231,0.23684000000000002
Japan,Eastern Asia,2016,53,5.921,0.91491,0.18985,1.06054,1.3800700000000001,0.46761,0.10224
Kazakhstan,Central and Eastern Europe,2016,54,5.919,0.57386,0.11132,0.95544,1.22943,0.4052,0.15011
Moldova,Central and Eastern Europe,2016,55,5.897,0.5230899999999999,0.019030000000000002,0.8313200000000001,0.69177,0.25201999999999997,0.19997
Russia,Central and Eastern Europe,2016,56,5.856,0.58991,0.03586,1.05261,1.2322799999999998,0.32682,0.027360000000000002
Poland,Central and Eastern Europe,2016,57,5.835,0.69058,0.055,1.04685,1.24585,0.4519,0.14443
South Korea,Eastern Asia,2016,57,5.835,0.88645,0.07716,0.7219399999999999,1.35948,0.25168,0.18824000000000002
Bolivia,Latin America and Caribbean,2016,59,5.822,0.4697,0.07746,0.8377899999999999,0.79422,0.50961,0.21698
Lithuania,Central and Eastern Europe,2016,60,5.813,0.64674,0.0182,1.0641100000000001,1.2692,0.18929,0.02025
Belarus,Central and Eastern Europe,2016,61,5.8020000000000005,0.6310399999999999,0.17457,1.04993,1.1306200000000002,0.29091,0.13942000000000002
North Cyprus,Western Europe,2016,62,5.771,0.8414200000000001,0.16577999999999998,0.81826,1.31141,0.43596,0.26322
Slovenia,Central and Eastern Europe,2016,63,5.768,0.79151,0.03635,1.05613,1.2994700000000001,0.53164,0.25738
Peru,Latin America and Caribbean,2016,64,5.742999999999999,0.6299399999999999,0.05292,0.81255,0.9960200000000001,0.37501999999999996,0.14527
Turkmenistan,Central and Eastern Europe,2016,65,5.6579999999999995,0.44006000000000006,0.28467,1.03817,1.08017,0.37408,0.22566999999999998
Mauritius,Sub-Saharan Africa,2016,66,5.648,0.66189,0.05202999999999999,0.75695,1.14372,0.46145,0.36951
Libya,Middle East and Northern Africa,2016,67,5.615,0.52304,0.10339000000000001,0.95076,1.0668799999999998,0.40671999999999997,0.17087
Latvia,Central and Eastern Europe,2016,68,5.56,0.63952,0.0889,0.95025,1.2178799999999999,0.27996,0.17445
Cyprus,Western Europe,2016,69,5.546,0.8488,0.05227999999999999,0.70697,1.31857,0.29507,0.27906
Paraguay,Latin America and Caribbean,2016,70,5.537999999999999,0.58295,0.07396,1.11111,0.8937299999999999,0.46235,0.25296
Romania,Central and Eastern Europe,2016,71,5.528,0.67602,0.006790000000000001,0.7280300000000001,1.1697,0.36712,0.12889
Estonia,Central and Eastern Europe,2016,72,5.517,0.68098,0.18519000000000002,1.0516299999999998,1.2796399999999999,0.41511000000000003,0.08423
Jamaica,Latin America and Caribbean,2016,73,5.51,0.5946899999999999,0.04294,0.96372,0.89333,0.43596999999999997,0.22245
Croatia,Central and Eastern Europe,2016,74,5.4879999999999995,0.70524,0.04002,0.6080899999999999,1.18649,0.23906999999999998,0.18434
Hong Kong,Eastern Asia,2016,75,5.457999999999999,0.9527700000000001,0.31647,0.87021,1.5107,0.48078999999999994,0.40097
Somalia,Sub-Saharan Africa,2016,76,5.44,0.11465999999999998,0.3118,0.33613000000000004,0.0,0.5677800000000001,0.27225
Kosovo,Central and Eastern Europe,2016,77,5.401,0.54,0.06547,0.66062,0.90145,0.14396,0.27992
Turkey,Middle East and Northern Africa,2016,78,5.388999999999999,0.64718,0.12347999999999999,0.8771700000000001,1.1649200000000002,0.23889000000000002,0.04707
Indonesia,Southeastern Asia,2016,79,5.314,0.49373999999999996,0.00322,0.87625,0.95104,0.39237,0.56521
Jordan,Middle East and Northern Africa,2016,80,5.303,0.60712,0.13297,0.86216,0.9967299999999999,0.36023,0.14262
Azerbaijan,Central and Eastern Europe,2016,81,5.291,0.54504,0.17914000000000002,0.76042,1.12373,0.35327,0.0564
Philippines,Southeastern Asia,2016,82,5.279,0.47036000000000006,0.11757000000000001,0.87877,0.81217,0.5485399999999999,0.21674000000000002
China,Eastern Asia,2016,83,5.245,0.73561,0.02745,0.79381,1.0278,0.44011999999999996,0.049589999999999995
Bhutan,Southern Asia,2016,84,5.196000000000001,0.49759,0.1616,0.9083600000000001,0.8527,0.46074,0.48546000000000006
Kyrgyzstan,Central and Eastern Europe,2016,85,5.185,0.5544899999999999,0.047619999999999996,0.95434,0.5604399999999999,0.40212,0.38432
Serbia,Central and Eastern Europe,2016,86,5.1770000000000005,0.6458,0.04339,0.81329,1.03437,0.15718,0.20736999999999997
Bosnia and Herzegovina,Central and Eastern Europe,2016,87,5.162999999999999,0.7076600000000001,0.0,0.64367,0.9338299999999999,0.09511,0.29889
Montenegro,Central and Eastern Europe,2016,88,5.1610000000000005,0.6353300000000001,0.12721,0.74173,1.07838,0.15111,0.17190999999999998
Dominican Republic,Latin America and Caribbean,2016,89,5.155,0.5766899999999999,0.12372000000000001,0.9949600000000001,1.02787,0.52259,0.21286
Morocco,Middle East and Northern Africa,2016,90,5.151,0.5947100000000001,0.08404,0.38595,0.8405799999999999,0.25645999999999997,0.040530000000000004
Hungary,Central and Eastern Europe,2016,91,5.145,0.67608,0.044719999999999996,0.9316399999999999,1.24142,0.1977,0.099
Pakistan,Southern Asia,2016,92,5.132000000000001,0.40306,0.1388,0.26135,0.68816,0.14622000000000002,0.31185
Lebanon,Middle East and Northern Africa,2016,93,5.129,0.76171,0.030610000000000002,0.64184,1.12268,0.26228,0.23693000000000003
Portugal,Western Europe,2016,94,5.122999999999999,0.7936300000000001,0.01521,0.9436700000000001,1.27607,0.44727,0.11690999999999999
Macedonia,Central and Eastern Europe,2016,95,5.121,0.6473800000000001,0.07047,0.78236,1.0193,0.27668000000000004,0.23506999999999997
Vietnam,Southeastern Asia,2016,96,5.061,0.66157,0.11556,0.7911699999999999,0.74037,0.5595399999999999,0.25075
Somaliland Region,Sub-Saharan Africa,2016,97,5.0569999999999995,0.33108000000000004,0.36794,0.75862,0.25558000000000003,0.3913,0.51479
Tunisia,Middle East and Northern Africa,2016,98,5.045,0.59577,0.0817,0.43165,0.97724,0.23553000000000002,0.03936
Greece,Western Europe,2016,99,5.033,0.80029,0.04127,0.75473,1.24886,0.05822000000000001,0.0
Tajikistan,Central and Eastern Europe,2016,100,4.996,0.5311899999999999,0.13509000000000002,0.75602,0.48835,0.43408,0.25998000000000004
Mongolia,Eastern Asia,2016,101,4.907,0.55469,0.03285,1.0898299999999999,0.9885299999999999,0.35972,0.34539000000000003
Laos,Southeastern Asia,2016,102,4.876,0.38291,0.22423,0.5497,0.68042,0.52168,0.43078999999999995
Nigeria,Sub-Saharan Africa,2016,103,4.875,0.05108,0.0305,0.64498,0.75216,0.27854,0.23219
Honduras,Latin America and Caribbean,2016,104,4.871,0.5838300000000001,0.06906,0.7559600000000001,0.69429,0.26755,0.2044
Iran,Middle East and Northern Africa,2016,105,4.813,0.64232,0.0557,0.38856999999999997,1.11758,0.22544,0.38538
Zambia,Sub-Saharan Africa,2016,106,4.795,0.23573000000000002,0.11479,0.6376,0.61202,0.42662,0.17865999999999999
Nepal,Southern Asia,2016,107,4.793,0.50073,0.07007999999999999,0.69699,0.44626000000000005,0.37012,0.3816
Palestinian Territories,Middle East and Northern Africa,2016,108,4.754,0.56844,0.10613,0.71629,0.67024,0.17744000000000001,0.11154000000000001
Albania,Central and Eastern Europe,2016,109,4.655,0.73007,0.05301,0.50163,0.9553,0.31866,0.1684
Bangladesh,Southern Asia,2016,110,4.643,0.52989,0.12583,0.24749000000000002,0.54177,0.39778,0.19132000000000002
Sierra Leone,Sub-Saharan Africa,2016,111,4.635,0.0,0.08196,0.628,0.36485,0.30685,0.23897
Iraq,Middle East and Northern Africa,2016,112,4.575,0.51076,0.13635999999999998,0.59205,1.07474,0.24856,0.19589
Namibia,Sub-Saharan Africa,2016,113,4.574,0.34745,0.10397999999999999,0.70362,0.9328700000000001,0.48613999999999996,0.07795
Cameroon,Sub-Saharan Africa,2016,114,4.513,0.12697999999999998,0.06126,0.62542,0.5249699999999999,0.42736,0.2268
Ethiopia,Sub-Saharan Africa,2016,115,4.508,0.34578000000000003,0.1717,0.37932,0.29283000000000003,0.36703,0.29522
South Africa,Sub-Saharan Africa,2016,116,4.459,0.18611,0.08415,0.9605299999999999,1.02416,0.42483000000000004,0.13656
Sri Lanka,Southern Asia,2016,117,4.415,0.62007,0.07964,0.84783,0.9731799999999999,0.50817,0.46978000000000003
India,Southern Asia,2016,118,4.404,0.45091000000000003,0.08722,0.29247,0.74036,0.40285,0.25028
Myanmar,Southeastern Asia,2016,119,4.395,0.3988,0.20243,0.69981,0.34112,0.42691999999999997,0.81971
Egypt,Middle East and Northern Africa,2016,120,4.362,0.5211600000000001,0.10393,0.49813,0.95395,0.18847,0.12705999999999998
Armenia,Central and Eastern Europe,2016,121,4.36,0.64083,0.036160000000000005,0.6247699999999999,0.8608600000000001,0.14037,0.07793
Kenya,Sub-Saharan Africa,2016,122,4.356,0.30146999999999996,0.06686,0.7624,0.52267,0.40576,0.41328000000000004
Ukraine,Central and Eastern Europe,2016,123,4.324,0.58628,0.01829,1.01413,0.87287,0.12859,0.20363
Ghana,Sub-Saharan Africa,2016,124,4.276,0.29681,0.0326,0.49353,0.63107,0.40973000000000004,0.21203000000000002
Congo (Kinshasa),Sub-Saharan Africa,2016,125,4.272,0.188,0.06075,0.80676,0.05661,0.15602,0.25458000000000003
Georgia,Central and Eastern Europe,2016,126,4.252,0.64035,0.3188,0.19249000000000002,0.8379200000000001,0.32461,0.06786
Congo (Brazzaville),Sub-Saharan Africa,2016,127,4.236000000000001,0.28212,0.09752999999999999,0.47798999999999997,0.7710899999999999,0.37938,0.12077
Senegal,Sub-Saharan Africa,2016,128,4.218999999999999,0.40457,0.11681,0.7741600000000001,0.44314,0.31056,0.19103
Bulgaria,Central and Eastern Europe,2016,129,4.217,0.67806,0.00615,0.92542,1.11306,0.21219000000000002,0.12793
Mauritania,Sub-Saharan Africa,2016,130,4.2010000000000005,0.28639000000000003,0.17955,0.8414200000000001,0.6139100000000001,0.1268,0.22685999999999998
Zimbabwe,Sub-Saharan Africa,2016,131,4.1930000000000005,0.1595,0.08582000000000001,0.71478,0.35041,0.25429,0.18503
Malawi,Sub-Saharan Africa,2016,132,4.156000000000001,0.29364,0.07564,0.147,0.08709,0.4143,0.30968
Sudan,Sub-Saharan Africa,2016,133,4.138999999999999,0.29759,0.10039,0.8192799999999999,0.63069,0.0,0.18077000000000001
Gabon,Sub-Saharan Africa,2016,134,4.121,0.3494,0.09314,0.72368,1.15851,0.28098,0.062439999999999996
Mali,Sub-Saharan Africa,2016,135,4.073,0.16347,0.13647,0.8633299999999999,0.31292,0.27544,0.21064000000000002
Haiti,Latin America and Caribbean,2016,136,4.0280000000000005,0.27494,0.14476,0.29561,0.34097,0.12072000000000001,0.47958
Botswana,Sub-Saharan Africa,2016,137,3.9739999999999998,0.34752,0.10769000000000001,0.89186,1.09426,0.44088999999999995,0.12425
Comoros,Sub-Saharan Africa,2016,138,3.9560000000000004,0.29980999999999997,0.18437,0.60323,0.27509,0.15412,0.1827
Ivory Coast,Sub-Saharan Africa,2016,139,3.9160000000000004,0.04476,0.1553,0.57576,0.55507,0.40663,0.20338
Cambodia,Southeastern Asia,2016,140,3.907,0.42494,0.08092,0.5375,0.55604,0.5885199999999999,0.40339
Angola,Sub-Saharan Africa,2016,141,3.866,0.04991,0.08434,0.66366,0.84731,0.00589,0.12070999999999998
Niger,Sub-Saharan Africa,2016,142,3.8560000000000003,0.26161999999999996,0.17176,0.6053,0.1327,0.38040999999999997,0.2097
South Sudan,Sub-Saharan Africa,2016,143,3.832,0.15780999999999998,0.13015,0.18519000000000002,0.39394,0.19662000000000002,0.25899
Chad,Sub-Saharan Africa,2016,144,3.763,0.038239999999999996,0.04952,0.63178,0.42213999999999996,0.12807000000000002,0.18667
Burkina Faso,Sub-Saharan Africa,2016,145,3.739,0.21297,0.12533,0.63054,0.31995,0.3337,0.24353000000000002
Uganda,Sub-Saharan Africa,2016,145,3.739,0.19625,0.06442,0.90981,0.34719,0.43653000000000003,0.27102
Yemen,Middle East and Northern Africa,2016,147,3.7239999999999998,0.31048000000000003,0.05892000000000001,0.47493,0.57939,0.2287,0.09821
Madagascar,Sub-Saharan Africa,2016,148,3.695,0.37109000000000003,0.07506,0.46115,0.27954,0.13684000000000002,0.2204
Tanzania,Sub-Saharan Africa,2016,149,3.6660000000000004,0.35700000000000004,0.05099,0.77623,0.47155,0.3176,0.31472
Liberia,Sub-Saharan Africa,2016,150,3.622,0.23165,0.04852,0.50353,0.10705999999999999,0.25748000000000004,0.24063
Guinea,Sub-Saharan Africa,2016,151,3.6069999999999998,0.18829,0.1192,0.3109,0.22415,0.30953,0.29914
Rwanda,Sub-Saharan Africa,2016,152,3.515,0.31865,0.50521,0.6158600000000001,0.32846,0.5432,0.23551999999999998
Benin,Sub-Saharan Africa,2016,153,3.484,0.21028000000000002,0.06681000000000001,0.10419,0.39499,0.39747,0.2018
Afghanistan,Southern Asia,2016,154,3.36,0.17344,0.07112,0.11037000000000001,0.38227,0.1643,0.31268
Togo,Sub-Saharan Africa,2016,155,3.303,0.24811,0.11587,0.0,0.28123000000000004,0.34678000000000003,0.17517
Syria,Middle East and Northern Africa,2016,156,3.069,0.6299399999999999,0.17232999999999998,0.14866,0.7471899999999999,0.06912,0.48396999999999996
Burundi,Sub-Saharan Africa,2016,157,2.905,0.15747,0.09419,0.23442,0.06831,0.0432,0.2029
Norway,Western Europe,2017,1,7.537000179290769,0.796666502952576,0.31596383452415505,1.53352355957031,1.6164631843566901,0.635422587394714,0.36201223731041
Denmark,Western Europe,2017,2,7.52199983596802,0.7925655245780941,0.40077006816863997,1.55112159252167,1.48238301277161,0.626006722450256,0.3552804887294771
Iceland,Western Europe,2017,3,7.50400018692017,0.8335521221160892,0.15352655947208402,1.6105740070343,1.480633020401,0.6271626353263849,0.47554022073745705
Switzerland,Western Europe,2017,4,7.49399995803833,0.858131289482117,0.36700728535652205,1.51691174507141,1.5649795532226598,0.620070576667786,0.29054927825927696
Finland,Western Europe,2017,5,7.468999862670901,0.80915766954422,0.38261154294014,1.5402467250824,1.44357192516327,0.6179508566856379,0.24548277258873
Netherlands,Western Europe,2017,6,7.3769998550415,0.8106961250305179,0.282661825418472,1.42893922328949,1.50394463539124,0.5853844881057739,0.47048982977867104
Canada,North America,2017,7,7.31599998474121,0.83455765247345,0.287371516227722,1.48134899139404,1.47920441627502,0.611100912094116,0.435539722442627
New Zealand,Australia and New Zealand,2017,8,7.31400012969971,0.816759705543518,0.38281670212745705,1.54819512367249,1.40570604801178,0.6140621304512021,0.500005125999451
Australia,Australia and New Zealand,2017,10,7.28399991989136,0.84388679265976,0.301183730363846,1.5100419521331798,1.4844149351120002,0.601607382297516,0.47769924998283403
Sweden,Western Europe,2017,9,7.28399991989136,0.830875158309937,0.384398728609085,1.47816216945648,1.49438726902008,0.612924098968506,0.38539925217628496
Israel,Middle East and Northern Africa,2017,11,7.212999820709231,0.83840399980545,0.0852421000599861,1.37628996372223,1.3753824234008798,0.40598860383033797,0.330082654953003
Costa Rica,Latin America and Caribbean,2017,12,7.0789999961853,0.7595092654228209,0.100106589496136,1.4164036512374898,1.10970628261566,0.580131649971008,0.21461322903633104
Austria,Western Europe,2017,13,7.00600004196167,0.8153284192085269,0.22106036543846105,1.4599449634552,1.4870972633361799,0.567766189575195,0.316472321748734
United States,North America,2017,14,6.993000030517581,0.7742866277694699,0.135638788342476,1.4199205636978103,1.54625928401947,0.505740523338318,0.392578780651093
Ireland,Western Europe,2017,15,6.9770002365112305,0.8097826242446899,0.29838815331459007,1.5582311153411899,1.5357066392898602,0.5731103420257571,0.42785832285881
Germany,Western Europe,2017,16,6.9510002136230495,0.798950731754303,0.276731938123703,1.47252035140991,1.48792338371277,0.562511384487152,0.33626917004585305
Belgium,Western Europe,2017,17,6.89099979400635,0.8180918693542479,0.251343131065369,1.4623126983642598,1.4637807607650801,0.5397707223892211,0.23150333762168898
Luxembourg,Western Europe,2017,18,6.86299991607666,0.845089495182037,0.31883442401886,1.45758366584778,1.74194359779358,0.59662789106369,0.283180981874466
United Kingdom,Western Europe,2017,19,6.71400022506714,0.805335938930511,0.265428066253662,1.4964600801467902,1.44163393974304,0.508190035820007,0.492774158716202
Chile,Latin America and Caribbean,2017,20,6.65199995040894,0.8194797039031979,0.0822879821062088,1.28402495384216,1.25278460979462,0.376895278692245,0.3266624212265011
United Arab Emirates,Middle East and Northern Africa,2017,21,6.6479997634887695,0.726798236370087,0.324489563703537,1.2664102315902699,1.6263433694839498,0.60834527015686,0.3609419465065
Brazil,Latin America and Caribbean,2017,22,6.6350002288818395,0.6165523529052729,0.11109276115894301,1.43130600452423,1.1073532104492199,0.437453746795654,0.16234989464282998
Czech Republic,Central and Eastern Europe,2017,23,6.60900020599365,0.754444003105164,0.0368729270994663,1.4338852167129499,1.35268235206604,0.49094617366790794,0.0881067588925362
Argentina,Latin America and Caribbean,2017,24,6.59899997711182,0.695137083530426,0.05973988771438599,1.44045114517212,1.18529546260834,0.49451920390129106,0.109457060694695
Mexico,Latin America and Caribbean,2017,25,6.57800006866455,0.709978997707367,0.132774114608765,1.2108621597290001,1.1531838178634601,0.412730008363724,0.12099043279886199
Singapore,Southeastern Asia,2017,26,6.57200002670288,0.9494923949241642,0.46430778503417997,1.35381436347961,1.69227766990662,0.549840569496155,0.345965981483459
Malta,Western Europe,2017,27,6.52699995040894,0.821944236755371,0.153066068887711,1.48841166496277,1.34327983856201,0.588767051696777,0.5747305750846861
Guatemala,Latin America and Caribbean,2017,29,6.4539999961853,0.540239989757538,0.0772232785820961,1.25558519363403,0.872001945972443,0.5313106179237371,0.283488392829895
Uruguay,Latin America and Caribbean,2017,28,6.4539999961853,0.719216823577881,0.17806187272071802,1.4122278690338101,1.2175596952438401,0.5793922543525699,0.175096929073334
Panama,Latin America and Caribbean,2017,30,6.4520001411438,0.706156134605408,0.070983923971653,1.3731925487518302,1.23374843597412,0.550026834011078,0.21055693924427
France,Western Europe,2017,31,6.44199991226196,0.8444658517837521,0.172502428293228,1.38777685165405,1.43092346191406,0.470222115516663,0.129762306809425
Thailand,Southeastern Asia,2017,32,6.4239997863769505,0.647239029407501,0.0316127352416515,1.4257924556732198,1.12786877155304,0.580200731754303,0.572123110294342
Taiwan Province of China,Eastern Asia,2017,33,6.42199993133545,0.793984234333038,0.0638292357325554,1.38456535339355,1.4336265325546298,0.361466586589813,0.258360475301743
Spain,Western Europe,2017,34,6.40299987792969,0.888960599899292,0.0709140971302986,1.53209090232849,1.38439786434174,0.408781230449677,0.190133571624756
Qatar,Middle East and Northern Africa,2017,35,6.375,0.7100980877876278,0.43929925560951205,1.27429687976837,1.8707656860351598,0.604130983352661,0.33047387003898604
Colombia,Latin America and Caribbean,2017,36,6.35699987411499,0.595027923583984,0.0466687418520451,1.4021829366683998,1.07062232494354,0.47748741507530196,0.14901447296142598
Saudi Arabia,Middle East and Northern Africa,2017,37,6.343999862670901,0.590148329734802,0.27343225479126004,1.28667759895325,1.53062355518341,0.449750572443008,0.147616013884544
Trinidad and Tobago,Latin America and Caribbean,2017,38,6.1680002212524405,0.5199832916259771,0.00896481610834599,1.3802285194397,1.36135590076447,0.518630743026733,0.32529646158218395
Kuwait,Middle East and Northern Africa,2017,39,6.10500001907349,0.6321057081222529,0.21515955030918102,1.25969874858856,1.63295245170593,0.49633759260177596,0.228289797902107
Slovakia,Central and Eastern Europe,2017,40,6.09800004959106,0.712732911109924,0.0242108516395092,1.5050592422485398,1.32539355754852,0.295817464590073,0.136544480919838
Bahrain,Middle East and Northern Africa,2017,41,6.08699989318848,0.653133034706116,0.257042169570923,1.3231104612350502,1.4884122610092199,0.536746919155121,0.17266848683357197
Malaysia,Southeastern Asia,2017,42,6.08400011062622,0.618784427642822,0.0656007081270218,1.28464603424072,1.29121541976929,0.40226498246192893,0.416608929634094
Nicaragua,Latin America and Caribbean,2017,43,6.07100009918213,0.6530959606170649,0.130687981843948,1.28721570968628,0.737299203872681,0.447551846504211,0.301674216985703
Ecuador,Latin America and Caribbean,2017,44,6.00799989700317,0.685636222362518,0.140134647488594,1.2861688137054401,1.00082039833069,0.4551981985569,0.15011246502399403
El Salvador,Latin America and Caribbean,2017,45,6.002999782562259,0.596018552780151,0.0899809598922729,1.1821250915527302,0.9097844958305359,0.432452529668808,0.0782579854130745
Poland,Central and Eastern Europe,2017,46,5.97300004959106,0.699475347995758,0.0593078061938286,1.44571197032928,1.29178786277771,0.520342111587524,0.158465966582298
Uzbekistan,Central and Eastern Europe,2017,47,5.97100019454956,0.498272627592087,0.246528223156929,1.5489691495895401,0.786441087722778,0.6582486629486078,0.41598364710807795
Italy,Western Europe,2017,48,5.96400022506714,0.8531443476676941,0.0280280914157629,1.44492328166962,1.3950666189193701,0.256450712680817,0.17278964817523998
Russia,Central and Eastern Europe,2017,49,5.962999820709231,0.547349333763123,0.0329628810286522,1.46928238868713,1.28177809715271,0.373783111572266,0.0522638224065304
Belize,Latin America and Caribbean,2017,50,5.955999851226809,0.45019176602363603,0.0965810716152191,1.0814177989959701,0.907975316047668,0.5475093722343439,0.24001564085483604
Japan,Eastern Asia,2017,51,5.92000007629395,0.9134758710861209,0.163760736584663,1.43633782863617,1.41691517829895,0.505625545978546,0.12057276815175999
Lithuania,Central and Eastern Europe,2017,52,5.90199995040894,0.62894994020462,0.0118656428530812,1.47351610660553,1.3145823478698702,0.234231784939766,0.010164656676352
Algeria,Middle East and Northern Africa,2017,53,5.872000217437741,0.6175846457481379,0.14609611034393302,1.1462174654007,1.09186446666718,0.233335807919502,0.0694366469979286
Latvia,Central and Eastern Europe,2017,54,5.849999904632571,0.638566970825195,0.0738427266478539,1.40471494197845,1.26074862480164,0.32570791244506797,0.153074786067009
Moldova,Central and Eastern Europe,2017,56,5.837999820709231,0.5894652009010309,0.0100912861526012,1.25182557106018,0.7288706302642819,0.24072904884815197,0.20877912640571603
South Korea,Eastern Asia,2017,55,5.837999820709231,0.900214076042175,0.0632826685905457,1.1282744407653797,1.40167844295502,0.257921665906906,0.206674367189407
Romania,Central and Eastern Europe,2017,57,5.824999809265139,0.6851583123207089,0.0043879006989300294,1.15009129047394,1.21768391132355,0.457003742456436,0.133519917726517
Bolivia,Latin America and Caribbean,2017,58,5.82299995422363,0.47363024950027505,0.0604777261614799,1.2276190519332901,0.833756566047668,0.5587329268455511,0.22556072473526
Turkmenistan,Central and Eastern Europe,2017,59,5.82200002670288,0.437726080417633,0.25927034020423895,1.49314916133881,1.1307767629623402,0.41827192902565,0.24992498755454998
Kazakhstan,Central and Eastern Europe,2017,60,5.8189997673034695,0.6060415506362921,0.11928288638591802,1.3843690156936599,1.2845562696456898,0.43745428323745705,0.20196442306041698
North Cyprus,Western Europe,2017,61,5.80999994277954,0.834647238254547,0.155353352427483,1.18630337715149,1.3469113111496,0.47120362520217896,0.266845703125
Slovenia,Central and Eastern Europe,2017,62,5.75799989700317,0.7908282279968258,0.0451289787888527,1.4525188207626298,1.3412059545516999,0.572575807571411,0.242649093270302
Peru,Latin America and Caribbean,2017,63,5.71500015258789,0.6301661133766171,0.0470490865409374,1.21877038478851,1.0352252721786501,0.45000287890434293,0.126819714903831
Mauritius,Sub-Saharan Africa,2017,64,5.62900018692017,0.6380074620246889,0.0421815551817417,1.20956099033356,1.1893955469131499,0.491247326135635,0.360933750867844
Cyprus,Western Europe,2017,65,5.62099981307983,0.84471470117569,0.0412379764020443,1.13136327266693,1.3559380769729599,0.35511153936386103,0.271254301071167
Estonia,Central and Eastern Europe,2017,66,5.61100006103516,0.695168316364288,0.18324892222881303,1.47667109966278,1.3208793401718102,0.479131430387497,0.0988908112049103
Belarus,Central and Eastern Europe,2017,67,5.5689997673034695,0.6377142667770389,0.156313821673393,1.4449452161788898,1.15655755996704,0.295400261878967,0.15513750910759
Libya,Middle East and Northern Africa,2017,68,5.525000095367429,0.520169019699097,0.0926102101802826,1.3575643301010099,1.1018030643463101,0.465733230113983,0.15207366645336198
Turkey,Middle East and Northern Africa,2017,69,5.5,0.6376056075096129,0.0996715798974037,1.33775317668915,1.1982743740081798,0.300740599632263,0.0466930419206619
Paraguay,Latin America and Caribbean,2017,70,5.493000030517581,0.579250693321228,0.091065913438797,1.50728487968445,0.932537317276001,0.473507791757584,0.224150657653809
"Hong Kong S.A.R., China",Eastern Asia,2017,71,5.47200012207031,0.943062424659729,0.29393374919891396,1.26279091835022,1.55167484283447,0.490968644618988,0.374465793371201
Philippines,Southeastern Asia,2017,72,5.42999982833862,0.46800905466079706,0.0993318930268288,1.25391757488251,0.85769921541214,0.585214674472809,0.193513423204422
Serbia,Central and Eastern Europe,2017,73,5.39499998092651,0.65078467130661,0.0409037806093693,1.2581897974014298,1.06931757926941,0.20871552824974102,0.22012588381767298
Jordan,Middle East and Northern Africa,2017,74,5.33599996566772,0.6045900583267211,0.11980327218771002,1.2390888929367099,0.9910123944282528,0.418421149253845,0.17217046022415197
Hungary,Central and Eastern Europe,2017,75,5.32399988174438,0.6877634525299069,0.0366369374096394,1.34313309192657,1.2860119342803997,0.17586351931095098,0.0784016624093056
Jamaica,Latin America and Caribbean,2017,76,5.31099987030029,0.6410223841667181,0.0552677810192108,1.3682180643081698,0.925579309463501,0.474307239055634,0.23381833732128102
Croatia,Central and Eastern Europe,2017,77,5.2930002212524405,0.701288521289825,0.0431031100451946,0.9679830074310299,1.22255623340607,0.255772292613983,0.248002976179123
Kosovo,Central and Eastern Europe,2017,78,5.27899980545044,0.541452050209045,0.0574716180562973,1.1378535032272301,0.951484382152557,0.260287940502167,0.319931447505951
China,Eastern Asia,2017,79,5.2729997634887695,0.741415500640869,0.0227942746132612,1.16083741188049,1.08116579055786,0.47278770804405196,0.0288068410009146
Pakistan,Southern Asia,2017,80,5.26900005340576,0.40204778313636796,0.12434806674718901,0.6726906895637509,0.7268835306167599,0.23521526157856,0.31544601917266807
Indonesia,Southeastern Asia,2017,81,5.26200008392334,0.49234572052955605,0.0153171354904771,1.2744446992874099,0.995538592338562,0.443323463201523,0.611704587936401
Venezuela,Latin America and Caribbean,2017,82,5.25,0.617144227027893,0.0644911229610443,1.43133759498596,1.12843120098114,0.15399712324142498,0.0650196298956871
Montenegro,Central and Eastern Europe,2017,83,5.23699998855591,0.6674646735191351,0.0881741940975189,1.23837649822235,1.12112903594971,0.194989055395126,0.197911024093628
Morocco,Middle East and Northern Africa,2017,84,5.2350001335144,0.59771066904068,0.0877631828188896,0.774864435195923,0.8781145811080929,0.408158332109451,0.0322099551558495
Azerbaijan,Central and Eastern Europe,2017,85,5.234000205993651,0.5407757759094239,0.180987507104874,1.15240025520325,1.1536017656326298,0.39815583825111406,0.0452693402767181
Dominican Republic,Latin America and Caribbean,2017,86,5.230000019073491,0.574873745441437,0.113945253193378,1.4024167060852097,1.07937383651733,0.55258983373642,0.186967849731445
Greece,Western Europe,2017,87,5.2270002365112305,0.8101989030838009,0.043289776891470004,1.23941457271576,1.28948748111725,0.0957312509417534,0.0
Lebanon,Middle East and Northern Africa,2017,88,5.22499990463257,0.7350810766220089,0.037513829767704,1.1296242475509601,1.07498753070831,0.28851598501205394,0.26445075869560203
Portugal,Western Europe,2017,89,5.19500017166138,0.795843541622162,0.0158694516867399,1.36704301834106,1.3151752948761002,0.498465299606323,0.0951027125120163
Bosnia and Herzegovina,Central and Eastern Europe,2017,90,5.18200016021729,0.705186307430267,0.0,1.0693359375,0.982409417629242,0.204403176903725,0.328867495059967
Honduras,Latin America and Caribbean,2017,91,5.1810002326965305,0.582569479942322,0.0733454525470734,1.14394497871399,0.730573117733002,0.348079860210419,0.23618887364864302
Macedonia,Central and Eastern Europe,2017,92,5.175000190734861,0.644948184490204,0.0602777935564518,1.20789301395416,1.06457793712616,0.325905978679657,0.25376096367836
Somalia,Sub-Saharan Africa,2017,93,5.151000022888179,0.11398913711309401,0.28241032361984303,0.7211513519287109,0.0226431842893362,0.602126955986023,0.291631311178207
Nigeria,Sub-Saharan Africa,2017,95,5.07399988174438,0.0569157302379608,0.0261215660721064,1.21577048301697,0.783756256103516,0.394952565431595,0.23094719648361198
Vietnam,Southeastern Asia,2017,94,5.07399988174438,0.6521689891815191,0.0876332372426987,1.27749133110046,0.7885475754737851,0.571055591106415,0.23496805131435397
Tajikistan,Central and Eastern Europe,2017,96,5.04099988937378,0.5292351245880129,0.14637714624404902,1.27146327495575,0.524713635444641,0.47156670689582797,0.24899764358997303
Bhutan,Southern Asia,2017,97,5.01100015640259,0.495879292488098,0.17338038980960802,1.3401265144348102,0.885416388511658,0.5015376806259161,0.474054545164108
Kyrgyzstan,Central and Eastern Europe,2017,98,5.0040001869201705,0.553457796573639,0.0394391790032387,1.39423859119415,0.5962200760841371,0.454943388700485,0.42858037352562
Nepal,Southern Asia,2017,99,4.961999893188481,0.504130780696869,0.0729755461215973,1.17928326129913,0.479820191860199,0.44030594825744607,0.39409616589546204
Mongolia,Eastern Asia,2017,100,4.95499992370605,0.557783484458923,0.0329022891819477,1.4930112361908001,1.0272358655929599,0.39414396882057207,0.338464230298996
South Africa,Sub-Saharan Africa,2017,101,4.8289999961853,0.18708007037639604,0.0725094974040985,1.38478863239288,1.05469870567322,0.479246735572815,0.13936237990856198
Tunisia,Middle East and Northern Africa,2017,102,4.80499982833862,0.613212049007416,0.0867231488227844,0.8683514595031742,1.00726580619812,0.289680689573288,0.0496933571994305
Palestinian Territories,Middle East and Northern Africa,2017,103,4.77500009536743,0.565666973590851,0.0892826020717621,1.1556471586227401,0.716249227523804,0.25471106171608,0.114173173904419
Egypt,Middle East and Northern Africa,2017,104,4.7350001335144,0.520187258720398,0.114381365478039,0.997471392154694,0.989701807498932,0.28211015462875394,0.128631442785263
Bulgaria,Central and Eastern Europe,2017,105,4.71400022506714,0.708217680454254,0.0110515309497714,1.4343794584274299,1.1614590883255,0.28923171758651695,0.113177694380283
Sierra Leone,Sub-Saharan Africa,2017,106,4.70900011062622,0.005564753897488121,0.0710951760411263,0.984136044979095,0.36842092871666,0.318697690963745,0.293040901422501
Cameroon,Sub-Saharan Africa,2017,107,4.69500017166138,0.132892116904259,0.0513066314160824,0.946018218994141,0.564305365085602,0.430388748645782,0.23629845678806302
Iran,Middle East and Northern Africa,2017,108,4.69199991226196,0.639333188533783,0.048761073499918005,0.7115512490272521,1.15687310695648,0.24932260811328896,0.387242913246155
Albania,Central and Eastern Europe,2017,109,4.64400005340576,0.731159746646881,0.0398642159998417,0.8036852478981021,0.996192753314972,0.381498634815216,0.20131294429302202
Bangladesh,Southern Asia,2017,110,4.60799980163574,0.533241033554077,0.123717859387398,0.735131740570068,0.586682975292206,0.478356659412384,0.17225535213947304
Namibia,Sub-Saharan Africa,2017,111,4.57399988174438,0.33861181139946,0.0931469723582268,1.0984708070755,0.964434325695038,0.520303547382355,0.0771337449550629
Kenya,Sub-Saharan Africa,2017,112,4.55299997329712,0.30998834967613204,0.0646413192152977,1.0679507255554201,0.560479462146759,0.45276376605033897,0.444860309362411
Mozambique,Sub-Saharan Africa,2017,113,4.550000190734861,0.10665443539619399,0.17943638563156103,0.870701014995575,0.23430564999580397,0.48079109191894503,0.322228103876114
Myanmar,Southeastern Asia,2017,114,4.54500007629395,0.397522568702698,0.188816204667091,1.12323594093323,0.36711055040359497,0.514492034912109,0.8380751609802249
Senegal,Sub-Saharan Africa,2017,115,4.53499984741211,0.409362852573395,0.11546044796705199,1.17969191074371,0.479309022426605,0.37792226672172496,0.183468893170357
Zambia,Sub-Saharan Africa,2017,116,4.513999938964839,0.25783589482307395,0.0782135501503944,1.00318729877472,0.6364067792892459,0.461603492498398,0.249580144882202
Iraq,Middle East and Northern Africa,2017,117,4.49700021743774,0.501180469989777,0.10721575468778599,0.978613197803497,1.1027104854583702,0.288555532693863,0.19963726401329
Gabon,Sub-Saharan Africa,2017,118,4.46500015258789,0.35657858848571794,0.0760467872023582,1.1556202173233001,1.1982102394104,0.31232857704162603,0.0437853783369064
Ethiopia,Sub-Saharan Africa,2017,119,4.46000003814697,0.35340970754623396,0.16545571386814098,0.8646692037582401,0.339233845472336,0.408842742443085,0.31265074014663696
Sri Lanka,Southern Asia,2017,120,4.44000005722046,0.625130832195282,0.0736539661884308,1.25997638702393,1.00985014438629,0.561213254928589,0.49086356163024897
Armenia,Central and Eastern Europe,2017,121,4.37599992752075,0.637524425983429,0.0266744215041399,1.00748372077942,0.900596737861633,0.198303267359734,0.0834880918264389
India,Southern Asia,2017,122,4.31500005722046,0.455427616834641,0.0922268852591515,0.754372596740723,0.7922212481498722,0.469987004995346,0.23153848946094502
Mauritania,Sub-Saharan Africa,2017,123,4.29199981689453,0.285349279642105,0.136957004666328,1.2720308303833001,0.6484572887420649,0.0960980430245399,0.201870024204254
Congo (Brazzaville),Sub-Saharan Africa,2017,124,4.29099988937378,0.28995743393898,0.0796181336045265,0.8320443630218509,0.8089642524719242,0.4350258708000179,0.12085212767124198
Georgia,Central and Eastern Europe,2017,125,4.28599977493286,0.649546980857849,0.25166663527488703,0.57061493396759,0.950612664222717,0.309410035610199,0.0540088154375553
Congo (Kinshasa),Sub-Saharan Africa,2017,126,4.2800002098083505,0.191407024860382,0.0602413564920425,1.22902345657349,0.0921023488044739,0.235961347818375,0.246455833315849
Mali,Sub-Saharan Africa,2017,127,4.19000005722046,0.16936567425727803,0.10497024655342098,1.2814733982086202,0.476180493831635,0.306613743305206,0.183354198932648
Ivory Coast,Sub-Saharan Africa,2017,128,4.17999982833862,0.0486421696841717,0.130061775445938,0.904780030250549,0.6030489206314089,0.4477061927318571,0.201237469911575
Cambodia,Southeastern Asia,2017,129,4.1680002212524405,0.429783403873444,0.0681059509515762,1.00623834133148,0.6017650961875921,0.633375823497772,0.385922968387604
Sudan,Sub-Saharan Africa,2017,130,4.138999938964839,0.290920823812485,0.089847519993782,1.21400856971741,0.6595166921615601,0.0149958552792668,0.182317450642586
Ghana,Sub-Saharan Africa,2017,131,4.11999988555908,0.29563772678375205,0.0253363698720932,0.873664736747742,0.667224824428558,0.423026293516159,0.25692394375801103
Ukraine,Central and Eastern Europe,2017,132,4.09600019454956,0.575903952121735,0.0230294708162546,1.39453756809235,0.89465194940567,0.12297477573156401,0.270061463117599
Uganda,Sub-Saharan Africa,2017,133,4.08099985122681,0.21763260662555703,0.057069718837738,1.12982773780823,0.381430715322495,0.443185955286026,0.32576605677604703
Burkina Faso,Sub-Saharan Africa,2017,134,4.03200006484985,0.21584425866603896,0.12032810598611803,1.04328000545502,0.35022771358490007,0.32436785101890603,0.250864684581757
Niger,Sub-Saharan Africa,2017,135,4.02799987792969,0.26850500702858,0.13857294619083402,0.993025004863739,0.16192533075809498,0.36365869641304,0.22867384552955602
Malawi,Sub-Saharan Africa,2017,136,3.97000002861023,0.315089583396912,0.0727116540074348,0.5125688314437871,0.233442038297653,0.466914653778076,0.28717046976089505
Chad,Sub-Saharan Africa,2017,137,3.9360001087188703,0.0411347150802612,0.0535818822681904,0.953855872154236,0.43801298737525896,0.16234202682972002,0.21611385047435802
Zimbabwe,Sub-Saharan Africa,2017,138,3.875,0.19676375389099102,0.0953753814101219,1.08309590816498,0.37584653496742204,0.336384207010269,0.189143493771553
Lesotho,Sub-Saharan Africa,2017,139,3.80800008773804,0.0,0.119094640016556,1.19009518623352,0.521021246910095,0.390661299228668,0.157497271895409
Angola,Sub-Saharan Africa,2017,140,3.79500007629395,0.0498686656355858,0.0697203353047371,1.1044119596481299,0.8584281802177429,0.0,0.09792649000883098
Afghanistan,Southern Asia,2017,141,3.7939999103546103,0.18074677884578697,0.0611578300595284,0.581543326377869,0.401477217674255,0.106179520487785,0.311870932579041
Botswana,Sub-Saharan Africa,2017,142,3.7660000324249303,0.34175550937652605,0.0985831990838051,1.2215549945831299,1.12209415435791,0.505196332931519,0.0993484482169151
Benin,Sub-Saharan Africa,2017,143,3.65700006484985,0.20993021130561804,0.0609290152788162,0.43529984354972795,0.43108540773391707,0.42596277594566295,0.207948461174965
Madagascar,Sub-Saharan Africa,2017,144,3.64400005340576,0.375223308801651,0.0672319754958153,0.9130203723907471,0.305808693170547,0.18919676542282102,0.208732530474663
Haiti,Latin America and Caribbean,2017,145,3.6029999256133998,0.277321130037308,0.0998721495270729,0.640449821949005,0.368610262870789,0.0303698573261499,0.48920378088951094
Yemen,Middle East and Northern Africa,2017,146,3.59299993515015,0.310080915689468,0.0567674227058887,0.93538224697113,0.5916834473609921,0.24946372210979503,0.104125209152699
South Sudan,Sub-Saharan Africa,2017,147,3.5910000801086404,0.163486003875732,0.116793513298035,0.601323127746582,0.39724862575531,0.147062435746193,0.285670816898346
Liberia,Sub-Saharan Africa,2017,148,3.5329999923706095,0.229918196797371,0.0389482490718365,0.8721179366111759,0.11904179304838199,0.33288118243217496,0.26654988527298
Guinea,Sub-Saharan Africa,2017,149,3.50699996948242,0.194129139184952,0.110937617719173,0.7912446856498722,0.24454993009567302,0.348587512969971,0.264815092086792
Togo,Sub-Saharan Africa,2017,150,3.4949998855590803,0.247105568647385,0.0956650152802467,0.4318825304508211,0.30544471740722695,0.38042613863945,0.19689615070819896
Rwanda,Sub-Saharan Africa,2017,151,3.47099995613098,0.326424807310104,0.455220013856888,0.945707023143768,0.368745893239975,0.5818438529968261,0.25275602936744695
Syria,Middle East and Northern Africa,2017,152,3.46199989318848,0.5005333423614501,0.15134713053703303,0.396102607250214,0.777153134346008,0.0815394446253777,0.49366372823715204
Tanzania,Sub-Saharan Africa,2017,153,3.34899997711182,0.364509284496307,0.0660351067781448,1.04198980331421,0.511135876178741,0.390017777681351,0.354256361722946
Burundi,Sub-Saharan Africa,2017,154,2.90499997138977,0.151610791683197,0.0841479450464249,0.629793584346771,0.09162256866693501,0.0599007532000542,0.20443518459796897
Central African Republic,Sub-Saharan Africa,2017,155,2.69300007820129,0.0187726859003305,0.0565650761127472,0.0,0.0,0.270842045545578,0.280876487493515
Finland,Western Europe,2018,1,7.632000000000001,0.8740000000000001,0.39299999999999996,1.5919999999999999,1.305,0.6809999999999999,0.20199999999999999
Norway,Western Europe,2018,2,7.593999999999999,0.861,0.34,1.5819999999999999,1.456,0.6859999999999999,0.28600000000000003
Denmark,Western Europe,2018,3,7.555,0.868,0.408,1.59,1.351,0.6829999999999999,0.284
Iceland,Western Europe,2018,4,7.495,0.914,0.138,1.6440000000000001,1.3430000000000002,0.677,0.353
Switzerland,Western Europe,2018,5,7.487,0.927,0.35700000000000004,1.5490000000000002,1.42,0.66,0.256
Netherlands,Western Europe,2018,6,7.441,0.878,0.295,1.4880000000000002,1.361,0.638,0.33299999999999996
Canada,North America,2018,7,7.327999999999999,0.8959999999999999,0.29100000000000004,1.5319999999999998,1.33,0.653,0.321
New Zealand,Australia and New Zealand,2018,8,7.324,0.8759999999999999,0.389,1.601,1.268,0.669,0.365
Sweden,Western Europe,2018,9,7.314,0.9129999999999999,0.38299999999999995,1.501,1.355,0.659,0.285
Australia,Australia and New Zealand,2018,10,7.272,0.91,0.302,1.5730000000000002,1.34,0.647,0.361
United Kingdom,Western Europe,2018,11,7.19,0.888,0.08199999999999999,1.433,1.244,0.46399999999999997,0.262
Austria,Western Europe,2018,12,7.138999999999999,0.8909999999999999,0.22399999999999998,1.504,1.341,0.617,0.242
Costa Rica,Latin America and Caribbean,2018,13,7.072,0.8170000000000001,0.10099999999999999,1.459,1.01,0.632,0.14300000000000002
Ireland,Western Europe,2018,14,6.977,0.8759999999999999,0.306,1.5830000000000002,1.4480000000000002,0.614,0.307
Germany,Western Europe,2018,15,6.965,0.861,0.28,1.474,1.34,0.586,0.273
Belgium,Western Europe,2018,16,6.9270000000000005,0.894,0.24,1.483,1.324,0.583,0.188
Luxembourg,Western Europe,2018,17,6.91,0.8959999999999999,0.321,1.52,1.5759999999999998,0.632,0.196
United States,North America,2018,18,6.886,0.8190000000000001,0.133,1.4709999999999999,1.3980000000000001,0.547,0.29100000000000004
Israel,Middle East and Northern Africa,2018,19,6.814,0.883,0.272,1.5590000000000002,1.301,0.5329999999999999,0.354
United Arab Emirates,Middle East and Northern Africa,2018,20,6.774,0.67,0.3203249585035027,0.7759999999999999,2.096,0.284,0.18600000000000003
Czech Republic,Central and Eastern Europe,2018,21,6.711,0.8540000000000001,0.034,1.489,1.2329999999999999,0.5429999999999999,0.064
Malta,Western Europe,2018,22,6.627000000000001,0.884,0.142,1.525,1.27,0.645,0.376
France,Western Europe,2018,23,6.489,0.9079999999999999,0.17600000000000002,1.466,1.2930000000000001,0.52,0.098
Mexico,Latin America and Caribbean,2018,24,6.4879999999999995,0.7609999999999999,0.095,1.252,1.038,0.479,0.069
Chile,Latin America and Caribbean,2018,25,6.476,0.8079999999999999,0.061,1.331,1.131,0.431,0.19699999999999998
Taiwan,Eastern Asia,2018,26,6.441,0.857,0.078,1.436,1.365,0.418,0.151
Panama,Latin America and Caribbean,2018,27,6.43,0.759,0.063,1.4380000000000002,1.112,0.597,0.125
Brazil,Latin America and Caribbean,2018,28,6.419,0.675,0.08800000000000001,1.474,0.986,0.493,0.11
Argentina,Latin America and Caribbean,2018,29,6.388,0.7440000000000001,0.054000000000000006,1.4680000000000002,1.073,0.57,0.062
Guatemala,Latin America and Caribbean,2018,30,6.382000000000001,0.608,0.071,1.268,0.7809999999999999,0.604,0.179
Uruguay,Latin America and Caribbean,2018,31,6.379,0.7709999999999999,0.155,1.459,1.093,0.625,0.13
Qatar,Middle East and Northern Africa,2018,32,6.374,0.748,0.171,1.3030000000000002,1.649,0.654,0.256
Saudi Arabia,Middle East and Northern Africa,2018,33,6.371,0.633,0.127,1.331,1.379,0.509,0.098
Singapore,Southeastern Asia,2018,34,6.343,1.008,0.457,1.4509999999999998,1.5290000000000001,0.631,0.261
Malaysia,Southeastern Asia,2018,35,6.322,0.669,0.059000000000000004,1.258,1.161,0.35600000000000004,0.311
Spain,Western Europe,2018,36,6.31,0.965,0.07400000000000001,1.538,1.251,0.449,0.142
Colombia,Latin America and Caribbean,2018,37,6.26,0.635,0.039,1.439,0.96,0.531,0.099
Trinidad & Tobago,Latin America and Caribbean,2018,38,6.192,0.564,0.019,1.492,1.2229999999999999,0.575,0.171
Slovakia,Central and Eastern Europe,2018,39,6.172999999999999,0.7759999999999999,0.013999999999999999,1.537,1.21,0.354,0.11800000000000001
El Salvador,Latin America and Caribbean,2018,40,6.167000000000001,0.639,0.08199999999999999,1.2309999999999999,0.8059999999999999,0.461,0.065
Nicaragua,Latin America and Caribbean,2018,41,6.141,0.7,0.128,1.319,0.6679999999999999,0.527,0.20800000000000002
Poland,Central and Eastern Europe,2018,42,6.122999999999999,0.7809999999999999,0.064,1.4480000000000002,1.176,0.546,0.10800000000000001
Bahrain,Middle East and Northern Africa,2018,43,6.105,0.698,0.12300000000000001,1.3659999999999999,1.338,0.594,0.243
Uzbekistan,Central and Eastern Europe,2018,44,6.096,0.605,0.259,1.584,0.7190000000000001,0.7240000000000001,0.32799999999999996
Kuwait,Middle East and Northern Africa,2018,45,6.082999999999999,0.675,0.106,1.301,1.474,0.5539999999999999,0.16699999999999998
Thailand,Southeastern Asia,2018,46,6.072,0.7070000000000001,0.028999999999999998,1.4169999999999998,1.016,0.637,0.364
Italy,Western Europe,2018,47,6.0,0.946,0.027999999999999997,1.501,1.264,0.281,0.13699999999999998
Ecuador,Latin America and Caribbean,2018,48,5.973,0.736,0.12,1.33,0.889,0.556,0.114
Belize,Latin America and Caribbean,2018,49,5.956,0.474,0.08900000000000001,1.101,0.807,0.593,0.183
Lithuania,Central and Eastern Europe,2018,50,5.952000000000001,0.716,0.006,1.527,1.197,0.35,0.026000000000000002
Slovenia,Central and Eastern Europe,2018,51,5.9479999999999995,0.856,0.051,1.506,1.219,0.633,0.16
Romania,Central and Eastern Europe,2018,52,5.945,0.726,0.001,1.219,1.1159999999999999,0.528,0.08800000000000001
Latvia,Central and Eastern Europe,2018,53,5.933,0.6709999999999999,0.066,1.454,1.148,0.363,0.092
Japan,Eastern Asia,2018,54,5.915,0.988,0.15,1.462,1.294,0.5529999999999999,0.079
Mauritius,Sub-Saharan Africa,2018,55,5.891,0.684,0.05,1.3869999999999998,1.09,0.584,0.245
Jamaica,Latin America and Caribbean,2018,56,5.89,0.693,0.031,1.493,0.8190000000000001,0.575,0.096
South Korea,Eastern Asia,2018,57,5.875,0.955,0.051,1.204,1.266,0.244,0.175
Northern Cyprus,Western Europe,2018,58,5.835,0.909,0.154,1.2109999999999999,1.229,0.495,0.179
Russia,Central and Eastern Europe,2018,59,5.81,0.599,0.025,1.479,1.151,0.39899999999999997,0.065
Kazakhstan,Central and Eastern Europe,2018,60,5.79,0.631,0.121,1.516,1.143,0.45399999999999996,0.14800000000000002
Cyprus,Western Europe,2018,61,5.7620000000000005,0.909,0.035,1.1909999999999998,1.229,0.423,0.20199999999999999
Bolivia,Latin America and Caribbean,2018,62,5.752000000000001,0.508,0.054000000000000006,1.2229999999999999,0.7509999999999999,0.606,0.141
Estonia,Central and Eastern Europe,2018,63,5.739,0.737,0.174,1.5319999999999998,1.2,0.5529999999999999,0.086
Paraguay,Latin America and Caribbean,2018,64,5.681,0.615,0.07400000000000001,1.5219999999999998,0.835,0.541,0.162
Peru,Latin America and Caribbean,2018,65,5.662999999999999,0.674,0.034,1.249,0.934,0.53,0.092
Kosovo,Central and Eastern Europe,2018,66,5.662000000000001,0.578,0.023,1.23,0.855,0.44799999999999995,0.27399999999999997
Moldova,Central and Eastern Europe,2018,67,5.64,0.62,0.0,1.301,0.657,0.23199999999999998,0.171
Turkmenistan,Central and Eastern Europe,2018,68,5.636,0.517,0.037000000000000005,1.5330000000000001,1.016,0.41700000000000004,0.19899999999999998
Hungary,Central and Eastern Europe,2018,69,5.62,0.732,0.022000000000000002,1.401,1.171,0.259,0.061
Libya,Middle East and Northern Africa,2018,70,5.566,0.5529999999999999,0.14800000000000002,1.35,0.985,0.496,0.11599999999999999
Philippines,Southeastern Asia,2018,71,5.524,0.513,0.105,1.3119999999999998,0.775,0.643,0.12
Honduras,Latin America and Caribbean,2018,72,5.504,0.622,0.07400000000000001,1.205,0.62,0.45899999999999996,0.19699999999999998
Belarus,Central and Eastern Europe,2018,73,5.483,0.7,0.154,1.4980000000000002,1.0390000000000001,0.307,0.10099999999999999
Turkey,Middle East and Northern Africa,2018,74,5.483,0.6859999999999999,0.109,1.38,1.148,0.324,0.106
Pakistan,Southern Asia,2018,75,5.472,0.424,0.113,0.81,0.652,0.33399999999999996,0.21600000000000003
Hong Kong,Eastern Asia,2018,76,5.43,1.03,0.29100000000000004,1.29,1.405,0.524,0.24600000000000002
Portugal,Western Europe,2018,77,5.41,0.884,0.017,1.429,1.188,0.562,0.055
Serbia,Central and Eastern Europe,2018,78,5.398,0.685,0.043,1.369,0.975,0.28800000000000003,0.134
Greece,Western Europe,2018,79,5.358,0.879,0.044000000000000004,1.202,1.1540000000000001,0.131,0.0
Lebanon,Middle East and Northern Africa,2018,80,5.358,0.785,0.136,1.179,0.965,0.503,0.214
Montenegro,Central and Eastern Europe,2018,81,5.347,0.7290000000000001,0.081,1.2790000000000001,1.0170000000000001,0.259,0.111
Croatia,Central and Eastern Europe,2018,82,5.321000000000001,0.737,0.039,1.161,1.115,0.38,0.12
Dominican Republic,Latin America and Caribbean,2018,83,5.3020000000000005,0.614,0.106,1.4409999999999998,0.982,0.578,0.12
Algeria,Middle East and Northern Africa,2018,84,5.295,0.687,0.135,1.1540000000000001,0.9790000000000001,0.077,0.055
Morocco,Middle East and Northern Africa,2018,85,5.254,0.669,0.07400000000000001,0.797,0.779,0.46,0.026000000000000002
China,Eastern Asia,2018,86,5.246,0.799,0.10300000000000001,1.1420000000000001,0.9890000000000001,0.597,0.028999999999999998
Azerbaijan,Central and Eastern Europe,2018,87,5.2010000000000005,0.603,0.17600000000000002,1.161,1.024,0.43,0.031
Tajikistan,Central and Eastern Europe,2018,88,5.199,0.598,0.034,1.166,0.474,0.292,0.187
Macedonia,Central and Eastern Europe,2018,89,5.185,0.691,0.052000000000000005,1.239,0.9590000000000001,0.39399999999999996,0.17300000000000001
Jordan,Middle East and Northern Africa,2018,90,5.1610000000000005,0.645,0.134,1.265,0.8220000000000001,0.46799999999999997,0.13
Nigeria,Sub-Saharan Africa,2018,91,5.155,0.048,0.032,1.172,0.6890000000000001,0.462,0.201
Kyrgyzstan,Central and Eastern Europe,2018,92,5.131,0.594,0.035,1.416,0.53,0.54,0.281
Bosnia and Herzegovina,Central and Eastern Europe,2018,93,5.129,0.758,0.0,1.078,0.915,0.28,0.21600000000000003
Mongolia,Eastern Asia,2018,94,5.125,0.575,0.032,1.517,0.914,0.395,0.253
Vietnam,Southeastern Asia,2018,95,5.103,0.7020000000000001,0.079,1.365,0.715,0.618,0.177
Indonesia,Southeastern Asia,2018,96,5.093,0.522,0.018000000000000002,1.215,0.899,0.5379999999999999,0.484
Bhutan,Southern Asia,2018,97,5.082,0.527,0.171,1.335,0.7959999999999999,0.541,0.364
Somalia,Sub-Saharan Africa,2018,98,4.982,0.115,0.282,0.7120000000000001,0.0,0.674,0.23800000000000002
Cameroon,Sub-Saharan Africa,2018,99,4.975,0.182,0.043,0.8909999999999999,0.535,0.45399999999999996,0.183
Bulgaria,Central and Eastern Europe,2018,100,4.933,0.7120000000000001,0.009000000000000001,1.515,1.054,0.359,0.064
Nepal,Southern Asia,2018,101,4.88,0.539,0.078,1.228,0.425,0.526,0.302
Venezuela,Latin America and Caribbean,2018,102,4.806,0.657,0.052000000000000005,1.469,0.996,0.133,0.055999999999999994
Gabon,Sub-Saharan Africa,2018,103,4.758,0.40399999999999997,0.052000000000000005,1.1640000000000001,1.036,0.35600000000000004,0.032
Palestinian Territories,Middle East and Northern Africa,2018,104,4.743,0.602,0.076,1.217,0.642,0.266,0.086
South Africa,Sub-Saharan Africa,2018,105,4.724,0.33,0.055999999999999994,1.41,0.94,0.516,0.10300000000000001
Iran,Middle East and Northern Africa,2018,106,4.707,0.691,0.129,0.7709999999999999,1.0590000000000002,0.45899999999999996,0.282
Ivory Coast,Sub-Saharan Africa,2018,107,4.671,0.08,0.10300000000000001,0.872,0.541,0.467,0.146
Ghana,Sub-Saharan Africa,2018,108,4.657,0.337,0.028999999999999998,0.8959999999999999,0.5920000000000001,0.499,0.212
Senegal,Sub-Saharan Africa,2018,109,4.631,0.433,0.08199999999999999,1.117,0.429,0.406,0.138
Laos,Southeastern Asia,2018,110,4.623,0.441,0.174,1.034,0.72,0.626,0.23
Tunisia,Middle East and Northern Africa,2018,111,4.592,0.69,0.063,0.9059999999999999,0.9,0.271,0.04
Albania,Central and Eastern Europe,2018,112,4.586,0.79,0.032,0.8170000000000001,0.9159999999999999,0.419,0.149
Sierra Leone,Sub-Saharan Africa,2018,113,4.571000000000001,0.0,0.053,0.813,0.256,0.355,0.23800000000000002
Congo (Brazzaville),Sub-Saharan Africa,2018,114,4.559,0.34299999999999997,0.077,0.8109999999999999,0.682,0.514,0.091
Bangladesh,Southern Asia,2018,115,4.5,0.579,0.14400000000000002,0.85,0.532,0.58,0.153
Sri Lanka,Southern Asia,2018,116,4.471,0.672,0.05,1.314,0.9179999999999999,0.585,0.307
Iraq,Middle East and Northern Africa,2018,117,4.456,0.536,0.095,0.971,1.01,0.304,0.14800000000000002
Mali,Sub-Saharan Africa,2018,118,4.447,0.152,0.055999999999999994,1.2329999999999999,0.37,0.36700000000000005,0.139
Namibia,Sub-Saharan Africa,2018,119,4.441,0.365,0.064,1.281,0.8740000000000001,0.519,0.051
Cambodia,Southeastern Asia,2018,120,4.433,0.457,0.065,1.088,0.5489999999999999,0.696,0.256
Burkina Faso,Sub-Saharan Africa,2018,121,4.4239999999999995,0.254,0.128,1.097,0.314,0.312,0.175
Egypt,Middle East and Northern Africa,2018,122,4.419,0.5529999999999999,0.107,1.025,0.885,0.312,0.092
Mozambique,Sub-Saharan Africa,2018,123,4.417,0.17300000000000001,0.158,0.902,0.198,0.531,0.20600000000000002
Kenya,Sub-Saharan Africa,2018,124,4.41,0.45399999999999996,0.055,1.048,0.493,0.504,0.35200000000000004
Zambia,Sub-Saharan Africa,2018,125,4.377,0.295,0.08199999999999999,1.047,0.562,0.503,0.221
Mauritania,Sub-Saharan Africa,2018,126,4.356,0.292,0.09300000000000001,1.245,0.557,0.129,0.134
Ethiopia,Sub-Saharan Africa,2018,127,4.35,0.391,0.146,0.95,0.308,0.452,0.22
Georgia,Central and Eastern Europe,2018,128,4.34,0.643,0.215,0.5920000000000001,0.853,0.375,0.038
Armenia,Central and Eastern Europe,2018,129,4.321000000000001,0.6659999999999999,0.027999999999999997,0.99,0.816,0.26,0.077
Myanmar,Southeastern Asia,2018,130,4.308,0.429,0.17800000000000002,1.1740000000000002,0.682,0.58,0.598
Chad,Sub-Saharan Africa,2018,131,4.301,0.053,0.06,0.907,0.358,0.18899999999999997,0.18100000000000002
Congo (Kinshasa),Sub-Saharan Africa,2018,132,4.245,0.204,0.052000000000000005,1.136,0.069,0.312,0.19699999999999998
India,Southern Asia,2018,133,4.19,0.485,0.09300000000000001,0.747,0.721,0.539,0.172
Niger,Sub-Saharan Africa,2018,134,4.166,0.221,0.099,0.867,0.131,0.39,0.175
Uganda,Sub-Saharan Africa,2018,135,4.1610000000000005,0.237,0.061,1.09,0.322,0.45,0.259
Benin,Sub-Saharan Africa,2018,136,4.141,0.24,0.067,0.37200000000000005,0.37799999999999995,0.44,0.163
Sudan,Sub-Saharan Africa,2018,137,4.138999999999999,0.312,0.08199999999999999,1.24,0.605,0.016,0.134
Ukraine,Central and Eastern Europe,2018,138,4.103,0.609,0.011000000000000001,1.413,0.7929999999999999,0.163,0.187
Togo,Sub-Saharan Africa,2018,139,3.9989999999999997,0.253,0.10099999999999999,0.474,0.259,0.434,0.158
Guinea,Sub-Saharan Africa,2018,140,3.964,0.21100000000000002,0.094,0.792,0.344,0.39399999999999996,0.185
Lesotho,Sub-Saharan Africa,2018,141,3.8080000000000003,0.079,0.11199999999999999,1.215,0.47200000000000003,0.423,0.11599999999999999
Angola,Sub-Saharan Africa,2018,142,3.795,0.26899999999999996,0.061,1.125,0.73,0.0,0.079
Madagascar,Sub-Saharan Africa,2018,143,3.7739999999999996,0.402,0.049,0.9079999999999999,0.262,0.221,0.155
Zimbabwe,Sub-Saharan Africa,2018,144,3.6919999999999997,0.248,0.099,1.094,0.35700000000000004,0.406,0.132
Afghanistan,Southern Asia,2018,145,3.6319999999999997,0.255,0.036000000000000004,0.537,0.332,0.085,0.191
Botswana,Sub-Saharan Africa,2018,146,3.59,0.41700000000000004,0.092,1.1740000000000002,1.0170000000000001,0.557,0.042
Malawi,Sub-Saharan Africa,2018,147,3.5869999999999997,0.306,0.08,0.541,0.18600000000000003,0.531,0.21
Haiti,Latin America and Caribbean,2018,148,3.582,0.289,0.10400000000000001,0.7140000000000001,0.315,0.025,0.392
Liberia,Sub-Saharan Africa,2018,149,3.495,0.267,0.03,0.858,0.076,0.419,0.20600000000000002
Syria,Middle East and Northern Africa,2018,150,3.4619999999999997,0.539,0.14400000000000002,0.382,0.6890000000000001,0.08800000000000001,0.376
Rwanda,Sub-Saharan Africa,2018,151,3.408,0.4,0.444,0.8959999999999999,0.332,0.636,0.2
Yemen,Middle East and Northern Africa,2018,152,3.355,0.34299999999999997,0.064,1.073,0.442,0.244,0.083
Tanzania,Sub-Saharan Africa,2018,153,3.303,0.381,0.09699999999999999,0.991,0.455,0.48100000000000004,0.27
South Sudan,Sub-Saharan Africa,2018,154,3.2539999999999996,0.177,0.106,0.608,0.337,0.11199999999999999,0.22399999999999998
Central African Republic,Sub-Saharan Africa,2018,155,3.083,0.01,0.038,0.0,0.024,0.305,0.218
Burundi,Sub-Saharan Africa,2018,156,2.905,0.145,0.076,0.627,0.091,0.065,0.149
Finland,Western Europe,2019,1,7.769,0.986,0.39299999999999996,1.587,1.34,0.596,0.153
Denmark,Western Europe,2019,2,7.6,0.996,0.41,1.5730000000000002,1.383,0.5920000000000001,0.252
Norway,Western Europe,2019,3,7.553999999999999,1.028,0.341,1.5819999999999999,1.4880000000000002,0.603,0.271
Iceland,Western Europe,2019,4,7.494,1.026,0.11800000000000001,1.624,1.38,0.591,0.354
Netherlands,Western Europe,2019,5,7.4879999999999995,0.9990000000000001,0.298,1.5219999999999998,1.396,0.557,0.322
Switzerland,Western Europe,2019,6,7.48,1.052,0.34299999999999997,1.526,1.452,0.5720000000000001,0.263
Sweden,Western Europe,2019,7,7.343,1.0090000000000001,0.373,1.4869999999999999,1.3869999999999998,0.574,0.267
New Zealand,Australia and New Zealand,2019,8,7.307,1.026,0.38,1.557,1.3030000000000002,0.585,0.33
Canada,North America,2019,9,7.278,1.0390000000000001,0.308,1.505,1.365,0.584,0.285
Austria,Western Europe,2019,10,7.246,1.016,0.226,1.475,1.376,0.532,0.244
Australia,Australia and New Zealand,2019,11,7.228,1.036,0.29,1.548,1.3719999999999999,0.557,0.332
Costa Rica,Latin America and Caribbean,2019,12,7.167000000000001,0.963,0.09300000000000001,1.4409999999999998,1.034,0.5579999999999999,0.14400000000000002
Israel,Middle East and Northern Africa,2019,13,7.138999999999999,1.0290000000000001,0.08199999999999999,1.455,1.276,0.371,0.261
Luxembourg,Western Europe,2019,14,7.09,1.012,0.316,1.479,1.609,0.526,0.19399999999999998
United Kingdom,Western Europe,2019,15,7.053999999999999,0.996,0.278,1.538,1.3330000000000002,0.45,0.348
Ireland,Western Europe,2019,16,7.021,0.9990000000000001,0.31,1.5530000000000002,1.499,0.516,0.298
Germany,Western Europe,2019,17,6.985,0.987,0.265,1.454,1.3730000000000002,0.495,0.261
Belgium,Western Europe,2019,18,6.922999999999999,0.986,0.21,1.504,1.3559999999999999,0.473,0.16
United States,North America,2019,19,6.892,0.8740000000000001,0.128,1.4569999999999999,1.433,0.45399999999999996,0.28
Czech Republic,Central and Eastern Europe,2019,20,6.852,0.92,0.036000000000000004,1.4869999999999999,1.2690000000000001,0.457,0.046
United Arab Emirates,Middle East and Northern Africa,2019,21,6.825,0.825,0.182,1.31,1.5030000000000001,0.598,0.262
Malta,Western Europe,2019,22,6.726,0.9990000000000001,0.151,1.52,1.3,0.564,0.375
Mexico,Latin America and Caribbean,2019,23,6.595,0.861,0.073,1.3230000000000002,1.07,0.433,0.07400000000000001
France,Western Europe,2019,24,6.5920000000000005,1.045,0.183,1.472,1.324,0.436,0.111
Taiwan,Eastern Asia,2019,25,6.446000000000001,0.914,0.09699999999999999,1.43,1.368,0.35100000000000003,0.242
Chile,Latin America and Caribbean,2019,26,6.444,0.92,0.055999999999999994,1.369,1.159,0.35700000000000004,0.187
Guatemala,Latin America and Caribbean,2019,27,6.436,0.746,0.078,1.2690000000000001,0.8,0.535,0.175
Saudi Arabia,Middle East and Northern Africa,2019,28,6.375,0.795,0.132,1.357,1.403,0.439,0.08
Qatar,Middle East and Northern Africa,2019,29,6.374,0.871,0.16699999999999998,1.3130000000000002,1.6840000000000002,0.555,0.22
Spain,Western Europe,2019,30,6.354,1.062,0.079,1.484,1.286,0.36200000000000004,0.153
Panama,Latin America and Caribbean,2019,31,6.321000000000001,0.91,0.054000000000000006,1.442,1.149,0.516,0.109
Brazil,Latin America and Caribbean,2019,32,6.3,0.802,0.086,1.439,1.004,0.39,0.099
Uruguay,Latin America and Caribbean,2019,33,6.292999999999999,0.8909999999999999,0.15,1.465,1.124,0.523,0.127
Singapore,Southeastern Asia,2019,34,6.2620000000000005,1.141,0.45299999999999996,1.463,1.5719999999999998,0.556,0.271
El Salvador,Latin America and Caribbean,2019,35,6.252999999999999,0.789,0.07400000000000001,1.242,0.794,0.43,0.09300000000000001
Italy,Western Europe,2019,36,6.223,1.0390000000000001,0.03,1.4880000000000002,1.294,0.231,0.158
Bahrain,Middle East and Northern Africa,2019,37,6.199,0.871,0.11,1.368,1.3619999999999999,0.536,0.255
Slovakia,Central and Eastern Europe,2019,38,6.1979999999999995,0.8809999999999999,0.013999999999999999,1.504,1.246,0.33399999999999996,0.121
Trinidad & Tobago,Latin America and Caribbean,2019,39,6.192,0.713,0.016,1.4769999999999999,1.2309999999999999,0.489,0.185
Poland,Central and Eastern Europe,2019,40,6.182,0.884,0.05,1.4380000000000002,1.206,0.483,0.11699999999999999
Uzbekistan,Central and Eastern Europe,2019,41,6.1739999999999995,0.7559999999999999,0.24,1.5290000000000001,0.745,0.631,0.322
Lithuania,Central and Eastern Europe,2019,42,6.149,0.818,0.042,1.515,1.238,0.29100000000000004,0.043
Colombia,Latin America and Caribbean,2019,43,6.125,0.841,0.034,1.41,0.985,0.47,0.099
Slovenia,Central and Eastern Europe,2019,44,6.117999999999999,0.953,0.057,1.5230000000000001,1.258,0.564,0.14400000000000002
Nicaragua,Latin America and Caribbean,2019,45,6.105,0.835,0.127,1.325,0.6940000000000001,0.435,0.2
Kosovo,Central and Eastern Europe,2019,46,6.1,0.758,0.006,1.232,0.882,0.489,0.262
Argentina,Latin America and Caribbean,2019,47,6.086,0.8809999999999999,0.05,1.432,1.092,0.47100000000000003,0.066
Romania,Central and Eastern Europe,2019,48,6.07,0.825,0.005,1.232,1.162,0.462,0.083
Cyprus,Western Europe,2019,49,6.046,1.042,0.040999999999999995,1.2229999999999999,1.263,0.406,0.19
Ecuador,Latin America and Caribbean,2019,50,6.028,0.868,0.087,1.3119999999999998,0.912,0.498,0.126
Kuwait,Middle East and Northern Africa,2019,51,6.021,0.8079999999999999,0.09699999999999999,1.319,1.5,0.493,0.142
Thailand,Southeastern Asia,2019,52,6.007999999999999,0.828,0.027999999999999997,1.409,1.05,0.557,0.359
Latvia,Central and Eastern Europe,2019,53,5.94,0.812,0.064,1.465,1.187,0.264,0.075
South Korea,Eastern Asia,2019,54,5.895,1.036,0.055999999999999994,1.219,1.301,0.159,0.175
Estonia,Central and Eastern Europe,2019,55,5.893,0.8740000000000001,0.161,1.528,1.237,0.495,0.10300000000000001
Jamaica,Latin America and Caribbean,2019,56,5.89,0.831,0.027999999999999997,1.4780000000000002,0.831,0.49,0.107
Mauritius,Sub-Saharan Africa,2019,57,5.888,0.7979999999999999,0.06,1.402,1.12,0.498,0.215
Japan,Eastern Asia,2019,58,5.886,1.088,0.14,1.419,1.327,0.445,0.069
Honduras,Latin America and Caribbean,2019,59,5.86,0.828,0.078,1.236,0.642,0.507,0.24600000000000002
Kazakhstan,Central and Eastern Europe,2019,60,5.809,0.7290000000000001,0.096,1.508,1.173,0.41,0.146
Bolivia,Latin America and Caribbean,2019,61,5.779,0.706,0.064,1.209,0.7759999999999999,0.511,0.13699999999999998
Hungary,Central and Eastern Europe,2019,62,5.757999999999999,0.828,0.02,1.41,1.2009999999999998,0.19899999999999998,0.081
Paraguay,Latin America and Caribbean,2019,63,5.742999999999999,0.777,0.08,1.475,0.855,0.514,0.184
Northern Cyprus,Western Europe,2019,64,5.718,1.042,0.162,1.252,1.263,0.41700000000000004,0.191
Peru,Latin America and Caribbean,2019,65,5.697,0.8540000000000001,0.027000000000000003,1.274,0.96,0.455,0.083
Portugal,Western Europe,2019,66,5.693,0.9990000000000001,0.025,1.431,1.2209999999999999,0.508,0.047
Pakistan,Southern Asia,2019,67,5.653,0.535,0.098,0.8859999999999999,0.677,0.313,0.22
Russia,Central and Eastern Europe,2019,68,5.648,0.726,0.031,1.452,1.183,0.33399999999999996,0.08199999999999999
Philippines,Southeastern Asia,2019,69,5.631,0.657,0.107,1.2930000000000001,0.807,0.5579999999999999,0.11699999999999999
Serbia,Central and Eastern Europe,2019,70,5.603,0.8540000000000001,0.039,1.383,1.004,0.282,0.13699999999999998
Moldova,Central and Eastern Europe,2019,71,5.529,0.7390000000000001,0.0,1.328,0.685,0.245,0.18100000000000002
Libya,Middle East and Northern Africa,2019,72,5.525,0.6729999999999999,0.152,1.3030000000000002,1.044,0.41600000000000004,0.133
Montenegro,Central and Eastern Europe,2019,73,5.523,0.871,0.08,1.361,1.051,0.19699999999999998,0.142
Tajikistan,Central and Eastern Europe,2019,74,5.4670000000000005,0.718,0.14400000000000002,1.0979999999999999,0.493,0.389,0.23
Croatia,Central and Eastern Europe,2019,75,5.432,0.914,0.022000000000000002,1.266,1.155,0.29600000000000004,0.11900000000000001
Hong Kong,Eastern Asia,2019,76,5.43,1.122,0.287,1.2770000000000001,1.4380000000000002,0.44,0.258
Dominican Republic,Latin America and Caribbean,2019,77,5.425,0.779,0.10099999999999999,1.401,1.015,0.49700000000000005,0.113
Bosnia and Herzegovina,Central and Eastern Europe,2019,78,5.386,0.845,0.006,1.212,0.945,0.212,0.263
Turkey,Middle East and Northern Africa,2019,79,5.372999999999999,0.8079999999999999,0.106,1.36,1.183,0.195,0.083
Malaysia,Southeastern Asia,2019,80,5.3389999999999995,0.828,0.024,1.171,1.2209999999999999,0.508,0.26
Belarus,Central and Eastern Europe,2019,81,5.3229999999999995,0.789,0.142,1.465,1.067,0.235,0.094
Greece,Western Europe,2019,82,5.287000000000001,0.9990000000000001,0.034,1.156,1.181,0.067,0.0
Mongolia,Eastern Asia,2019,83,5.285,0.667,0.038,1.531,0.948,0.317,0.235
North Macedonia,Central and Eastern Europe,2019,84,5.274,0.838,0.034,1.294,0.983,0.345,0.185
Nigeria,Sub-Saharan Africa,2019,85,5.265,0.245,0.040999999999999995,1.111,0.696,0.426,0.215
Kyrgyzstan,Central and Eastern Europe,2019,86,5.261,0.723,0.023,1.4380000000000002,0.551,0.508,0.3
Turkmenistan,Central and Eastern Europe,2019,87,5.247000000000001,0.657,0.027999999999999997,1.538,1.052,0.39399999999999996,0.244
Algeria,Middle East and Northern Africa,2019,88,5.211,0.785,0.114,1.16,1.002,0.086,0.073
Morocco,Middle East and Northern Africa,2019,89,5.207999999999999,0.782,0.076,0.782,0.8009999999999999,0.418,0.036000000000000004
Azerbaijan,Central and Eastern Europe,2019,90,5.207999999999999,0.769,0.182,1.147,1.043,0.35100000000000003,0.035
Lebanon,Middle East and Northern Africa,2019,91,5.197,0.815,0.027000000000000003,1.224,0.987,0.21600000000000003,0.166
Indonesia,Southeastern Asia,2019,92,5.192,0.66,0.027999999999999997,1.203,0.9309999999999999,0.491,0.498
China,Eastern Asia,2019,93,5.191,0.893,0.1,1.125,1.0290000000000001,0.521,0.057999999999999996
Vietnam,Southeastern Asia,2019,94,5.175,0.851,0.073,1.3459999999999999,0.741,0.5429999999999999,0.147
Bhutan,Southern Asia,2019,95,5.082,0.604,0.16699999999999998,1.321,0.813,0.457,0.37
Cameroon,Sub-Saharan Africa,2019,96,5.044,0.331,0.037000000000000005,0.91,0.5489999999999999,0.381,0.187
Bulgaria,Central and Eastern Europe,2019,97,5.011,0.815,0.004,1.5130000000000001,1.092,0.311,0.081
Ghana,Sub-Saharan Africa,2019,98,4.996,0.486,0.04,0.868,0.611,0.381,0.245
Ivory Coast,Sub-Saharan Africa,2019,99,4.944,0.23199999999999998,0.09,0.8079999999999999,0.569,0.35200000000000004,0.154
Nepal,Southern Asia,2019,100,4.913,0.677,0.08900000000000001,1.226,0.446,0.439,0.285
Jordan,Middle East and Northern Africa,2019,101,4.906000000000001,0.815,0.13,1.225,0.8370000000000001,0.38299999999999995,0.11
Benin,Sub-Saharan Africa,2019,102,4.883,0.397,0.08199999999999999,0.43700000000000006,0.39299999999999996,0.349,0.175
Congo (Brazzaville),Sub-Saharan Africa,2019,103,4.812,0.508,0.09300000000000001,0.799,0.6729999999999999,0.37200000000000005,0.105
Gabon,Sub-Saharan Africa,2019,104,4.7989999999999995,0.5710000000000001,0.055,1.183,1.057,0.295,0.043
Laos,Southeastern Asia,2019,105,4.796,0.551,0.16399999999999998,1.03,0.764,0.547,0.266
South Africa,Sub-Saharan Africa,2019,106,4.7219999999999995,0.469,0.055,1.351,0.96,0.389,0.13
Albania,Central and Eastern Europe,2019,107,4.718999999999999,0.8740000000000001,0.027000000000000003,0.848,0.9470000000000001,0.38299999999999995,0.17800000000000002
Venezuela,Latin America and Caribbean,2019,108,4.707,0.805,0.047,1.4269999999999998,0.96,0.154,0.064
Cambodia,Southeastern Asia,2019,109,4.7,0.637,0.062,1.122,0.574,0.609,0.23199999999999998
Palestinian Territories,Middle East and Northern Africa,2019,110,4.696000000000001,0.672,0.066,1.247,0.657,0.225,0.10300000000000001
Senegal,Sub-Saharan Africa,2019,111,4.681,0.5710000000000001,0.07200000000000001,1.1340000000000001,0.45,0.292,0.153
Somalia,Sub-Saharan Africa,2019,112,4.668,0.268,0.27,0.698,0.0,0.5589999999999999,0.243
Namibia,Sub-Saharan Africa,2019,113,4.638999999999999,0.47700000000000004,0.055999999999999994,1.3130000000000002,0.879,0.401,0.07
Niger,Sub-Saharan Africa,2019,114,4.628,0.366,0.102,0.774,0.138,0.318,0.188
Burkina Faso,Sub-Saharan Africa,2019,115,4.587,0.38,0.113,1.056,0.331,0.255,0.177
Armenia,Central and Eastern Europe,2019,116,4.559,0.815,0.064,1.055,0.85,0.28300000000000003,0.095
Iran,Middle East and Northern Africa,2019,117,4.548,0.785,0.125,0.8420000000000001,1.1,0.305,0.27
Guinea,Sub-Saharan Africa,2019,118,4.534,0.375,0.086,0.8290000000000001,0.38,0.332,0.207
Georgia,Central and Eastern Europe,2019,119,4.519,0.752,0.16399999999999998,0.6659999999999999,0.8859999999999999,0.34600000000000003,0.043
Gambia,Sub-Saharan Africa,2019,120,4.516,0.428,0.16699999999999998,0.9390000000000001,0.308,0.382,0.26899999999999996
Kenya,Sub-Saharan Africa,2019,121,4.5089999999999995,0.581,0.053,0.983,0.512,0.431,0.37200000000000005
Mauritania,Sub-Saharan Africa,2019,122,4.49,0.489,0.08800000000000001,1.167,0.57,0.066,0.106
Mozambique,Sub-Saharan Africa,2019,123,4.466,0.39,0.138,0.986,0.204,0.494,0.19699999999999998
Tunisia,Middle East and Northern Africa,2019,124,4.461,0.815,0.055,1.0,0.9209999999999999,0.16699999999999998,0.059000000000000004
Bangladesh,Southern Asia,2019,125,4.456,0.723,0.14300000000000002,0.9279999999999999,0.562,0.527,0.166
Iraq,Middle East and Northern Africa,2019,126,4.437,0.574,0.08900000000000001,0.98,1.043,0.24100000000000002,0.14800000000000002
Congo (Kinshasa),Sub-Saharan Africa,2019,127,4.418,0.35700000000000004,0.053,1.125,0.094,0.26899999999999996,0.212
Mali,Sub-Saharan Africa,2019,128,4.39,0.308,0.052000000000000005,1.105,0.385,0.327,0.153
Sierra Leone,Sub-Saharan Africa,2019,129,4.374,0.242,0.045,0.841,0.268,0.309,0.252
Sri Lanka,Southern Asia,2019,130,4.3660000000000005,0.831,0.047,1.265,0.9490000000000001,0.47,0.244
Myanmar,Southeastern Asia,2019,131,4.36,0.555,0.172,1.181,0.71,0.525,0.5660000000000001
Chad,Sub-Saharan Africa,2019,132,4.35,0.192,0.078,0.7659999999999999,0.35,0.174,0.198
Ukraine,Central and Eastern Europe,2019,133,4.332,0.7390000000000001,0.01,1.39,0.82,0.17800000000000002,0.187
Ethiopia,Sub-Saharan Africa,2019,134,4.2860000000000005,0.532,0.1,1.033,0.336,0.344,0.209
Swaziland,Sub-Saharan Africa,2019,135,4.212,0.0,0.135,1.149,0.8109999999999999,0.313,0.07400000000000001
Uganda,Sub-Saharan Africa,2019,136,4.189,0.44299999999999995,0.06,1.069,0.332,0.35600000000000004,0.252
Egypt,Middle East and Northern Africa,2019,137,4.166,0.644,0.067,1.0390000000000001,0.9129999999999999,0.24100000000000002,0.076
Zambia,Sub-Saharan Africa,2019,138,4.107,0.426,0.087,1.058,0.578,0.431,0.247
Togo,Sub-Saharan Africa,2019,139,4.085,0.41,0.085,0.5720000000000001,0.275,0.293,0.177
India,Southern Asia,2019,140,4.015,0.588,0.085,0.765,0.755,0.498,0.2
Liberia,Sub-Saharan Africa,2019,141,3.975,0.44299999999999995,0.033,0.922,0.073,0.37,0.233
Comoros,Sub-Saharan Africa,2019,142,3.9730000000000003,0.505,0.078,0.757,0.27399999999999997,0.142,0.275
Madagascar,Sub-Saharan Africa,2019,143,3.9330000000000003,0.555,0.040999999999999995,0.9159999999999999,0.27399999999999997,0.14800000000000002,0.16899999999999998
Lesotho,Sub-Saharan Africa,2019,144,3.802,0.168,0.09300000000000001,1.169,0.489,0.359,0.107
Burundi,Sub-Saharan Africa,2019,145,3.775,0.38,0.18,0.447,0.046,0.22,0.17600000000000002
Zimbabwe,Sub-Saharan Africa,2019,146,3.6630000000000003,0.433,0.08900000000000001,1.114,0.366,0.361,0.151
Haiti,Latin America and Caribbean,2019,147,3.597,0.449,0.11,0.688,0.32299999999999995,0.026000000000000002,0.419
Botswana,Sub-Saharan Africa,2019,148,3.488,0.5379999999999999,0.1,1.145,1.041,0.455,0.025
Syria,Middle East and Northern Africa,2019,149,3.4619999999999997,0.44,0.141,0.37799999999999995,0.619,0.013000000000000001,0.331
Malawi,Sub-Saharan Africa,2019,150,3.41,0.495,0.08900000000000001,0.56,0.191,0.44299999999999995,0.218
Yemen,Middle East and Northern Africa,2019,151,3.38,0.46299999999999997,0.077,1.163,0.287,0.14300000000000002,0.10800000000000001
Rwanda,Sub-Saharan Africa,2019,152,3.3339999999999996,0.614,0.41100000000000003,0.711,0.359,0.555,0.217
Tanzania,Sub-Saharan Africa,2019,153,3.2310000000000003,0.499,0.147,0.885,0.47600000000000003,0.41700000000000004,0.276
Afghanistan,Southern Asia,2019,154,3.2030000000000003,0.361,0.025,0.517,0.35,0.0,0.158
Central African Republic,Sub-Saharan Africa,2019,155,3.083,0.105,0.035,0.0,0.026000000000000002,0.225,0.235
South Sudan,Sub-Saharan Africa,2019,156,2.853,0.295,0.091,0.575,0.306,0.01,0.20199999999999999
